sperm_id,chr,Individual,chromosome_CO_count,Type
AS24s1,1,AS24,2,AS
AS24s1,2,AS24,4,AS
AS24s1,3,AS24,2,AS
AS24s1,4,AS24,1,AS
AS24s1,5,AS24,4,AS
AS24s1,6,AS24,2,AS
AS24s1,7,AS24,2,AS
AS24s1,8,AS24,1,AS
AS24s1,9,AS24,1,AS
AS24s1,10,AS24,1,AS
AS24s1,11,AS24,2,AS
AS24s1,12,AS24,2,AS
AS24s1,13,AS24,2,AS
AS24s1,14,AS24,2,AS
AS24s1,15,AS24,1,AS
AS24s1,16,AS24,1,AS
AS24s1,17,AS24,1,AS
AS24s1,18,AS24,1,AS
AS24s1,19,AS24,2,AS
AS24s1,20,AS24,0,AS
AS24s1,21,AS24,1,AS
AS24s1,22,AS24,0,AS
AS24s2,1,AS24,2,AS
AS24s2,2,AS24,1,AS
AS24s2,3,AS24,1,AS
AS24s2,4,AS24,1,AS
AS24s2,5,AS24,3,AS
AS24s2,6,AS24,1,AS
AS24s2,7,AS24,1,AS
AS24s2,8,AS24,3,AS
AS24s2,9,AS24,1,AS
AS24s2,10,AS24,2,AS
AS24s2,11,AS24,1,AS
AS24s2,12,AS24,1,AS
AS24s2,13,AS24,3,AS
AS24s2,14,AS24,1,AS
AS24s2,15,AS24,1,AS
AS24s2,16,AS24,1,AS
AS24s2,17,AS24,0,AS
AS24s2,18,AS24,1,AS
AS24s2,19,AS24,1,AS
AS24s2,20,AS24,2,AS
AS24s2,21,AS24,0,AS
AS24s2,22,AS24,0,AS
AS24s3,1,AS24,1,AS
AS24s3,2,AS24,1,AS
AS24s3,3,AS24,1,AS
AS24s3,4,AS24,1,AS
AS24s3,5,AS24,2,AS
AS24s3,6,AS24,2,AS
AS24s3,7,AS24,1,AS
AS24s3,8,AS24,2,AS
AS24s3,9,AS24,1,AS
AS24s3,10,AS24,3,AS
AS24s3,11,AS24,1,AS
AS24s3,12,AS24,2,AS
AS24s3,13,AS24,1,AS
AS24s3,14,AS24,2,AS
AS24s3,15,AS24,0,AS
AS24s3,16,AS24,1,AS
AS24s3,17,AS24,1,AS
AS24s3,18,AS24,1,AS
AS24s3,19,AS24,2,AS
AS24s3,20,AS24,0,AS
AS24s3,21,AS24,1,AS
AS24s3,22,AS24,0,AS
AS24s4,1,AS24,2,AS
AS24s4,2,AS24,2,AS
AS24s4,3,AS24,1,AS
AS24s4,4,AS24,1,AS
AS24s4,5,AS24,4,AS
AS24s4,6,AS24,1,AS
AS24s4,7,AS24,1,AS
AS24s4,8,AS24,1,AS
AS24s4,9,AS24,2,AS
AS24s4,10,AS24,1,AS
AS24s4,11,AS24,1,AS
AS24s4,12,AS24,2,AS
AS24s4,13,AS24,1,AS
AS24s4,14,AS24,1,AS
AS24s4,15,AS24,1,AS
AS24s4,16,AS24,0,AS
AS24s4,17,AS24,1,AS
AS24s4,18,AS24,1,AS
AS24s4,19,AS24,0,AS
AS24s4,20,AS24,1,AS
AS24s4,21,AS24,0,AS
AS24s4,22,AS24,0,AS
AS25s2,1,AS25,1,AS
AS25s2,2,AS25,1,AS
AS25s2,3,AS25,2,AS
AS25s2,4,AS25,2,AS
AS25s2,5,AS25,1,AS
AS25s2,6,AS25,2,AS
AS25s2,7,AS25,0,AS
AS25s2,8,AS25,3,AS
AS25s2,9,AS25,1,AS
AS25s2,10,AS25,2,AS
AS25s2,11,AS25,2,AS
AS25s2,12,AS25,2,AS
AS25s2,13,AS25,0,AS
AS25s2,14,AS25,1,AS
AS25s2,15,AS25,0,AS
AS25s2,16,AS25,0,AS
AS25s2,17,AS25,0,AS
AS25s2,18,AS25,0,AS
AS25s2,19,AS25,0,AS
AS25s2,20,AS25,0,AS
AS25s2,21,AS25,1,AS
AS25s2,22,AS25,0,AS
AS25s3,1,AS25,5,AS
AS25s3,2,AS25,1,AS
AS25s3,3,AS25,2,AS
AS25s3,4,AS25,1,AS
AS25s3,5,AS25,2,AS
AS25s3,6,AS25,1,AS
AS25s3,7,AS25,1,AS
AS25s3,8,AS25,3,AS
AS25s3,9,AS25,2,AS
AS25s3,10,AS25,1,AS
AS25s3,11,AS25,2,AS
AS25s3,12,AS25,1,AS
AS25s3,13,AS25,2,AS
AS25s3,14,AS25,1,AS
AS25s3,15,AS25,1,AS
AS25s3,16,AS25,1,AS
AS25s3,17,AS25,3,AS
AS25s3,18,AS25,1,AS
AS25s3,19,AS25,0,AS
AS25s3,20,AS25,0,AS
AS25s3,21,AS25,2,AS
AS25s3,22,AS25,0,AS
AS25s4,1,AS25,1,AS
AS25s4,2,AS25,1,AS
AS25s4,3,AS25,2,AS
AS25s4,4,AS25,1,AS
AS25s4,5,AS25,4,AS
AS25s4,6,AS25,3,AS
AS25s4,7,AS25,1,AS
AS25s4,8,AS25,1,AS
AS25s4,9,AS25,1,AS
AS25s4,10,AS25,1,AS
AS25s4,11,AS25,4,AS
AS25s4,12,AS25,3,AS
AS25s4,13,AS25,1,AS
AS25s4,14,AS25,1,AS
AS25s4,15,AS25,1,AS
AS25s4,16,AS25,0,AS
AS25s4,17,AS25,1,AS
AS25s4,18,AS25,1,AS
AS25s4,19,AS25,0,AS
AS25s4,20,AS25,1,AS
AS25s4,21,AS25,0,AS
AS25s4,22,AS25,0,AS
AS25s5,1,AS25,1,AS
AS25s5,2,AS25,1,AS
AS25s5,3,AS25,3,AS
AS25s5,4,AS25,1,AS
AS25s5,5,AS25,2,AS
AS25s5,6,AS25,5,AS
AS25s5,7,AS25,1,AS
AS25s5,8,AS25,1,AS
AS25s5,9,AS25,1,AS
AS25s5,10,AS25,1,AS
AS25s5,11,AS25,2,AS
AS25s5,12,AS25,3,AS
AS25s5,13,AS25,1,AS
AS25s5,14,AS25,1,AS
AS25s5,15,AS25,1,AS
AS25s5,16,AS25,1,AS
AS25s5,17,AS25,2,AS
AS25s5,18,AS25,1,AS
AS25s5,19,AS25,0,AS
AS25s5,20,AS25,1,AS
AS25s5,21,AS25,2,AS
AS25s5,22,AS25,0,AS
AS26s1,1,AS26,1,AS
AS26s1,2,AS26,4,AS
AS26s1,3,AS26,0,AS
AS26s1,4,AS26,2,AS
AS26s1,5,AS26,1,AS
AS26s1,6,AS26,0,AS
AS26s1,7,AS26,1,AS
AS26s1,8,AS26,2,AS
AS26s1,9,AS26,0,AS
AS26s1,10,AS26,1,AS
AS26s1,11,AS26,1,AS
AS26s1,12,AS26,1,AS
AS26s1,13,AS26,0,AS
AS26s1,14,AS26,1,AS
AS26s1,15,AS26,1,AS
AS26s1,16,AS26,0,AS
AS26s1,17,AS26,1,AS
AS26s1,18,AS26,1,AS
AS26s1,19,AS26,0,AS
AS26s1,20,AS26,0,AS
AS26s1,21,AS26,1,AS
AS26s1,22,AS26,0,AS
AS26s2,1,AS26,0,AS
AS26s2,2,AS26,2,AS
AS26s2,3,AS26,1,AS
AS26s2,4,AS26,2,AS
AS26s2,5,AS26,3,AS
AS26s2,6,AS26,1,AS
AS26s2,7,AS26,1,AS
AS26s2,8,AS26,3,AS
AS26s2,9,AS26,0,AS
AS26s2,10,AS26,1,AS
AS26s2,11,AS26,2,AS
AS26s2,12,AS26,2,AS
AS26s2,13,AS26,0,AS
AS26s2,14,AS26,0,AS
AS26s2,15,AS26,2,AS
AS26s2,16,AS26,0,AS
AS26s2,17,AS26,1,AS
AS26s2,18,AS26,0,AS
AS26s2,19,AS26,0,AS
AS26s2,20,AS26,0,AS
AS26s2,21,AS26,0,AS
AS26s2,22,AS26,0,AS
AS26s3,1,AS26,1,AS
AS26s3,2,AS26,1,AS
AS26s3,3,AS26,1,AS
AS26s3,4,AS26,2,AS
AS26s3,5,AS26,1,AS
AS26s3,6,AS26,1,AS
AS26s3,7,AS26,1,AS
AS26s3,8,AS26,1,AS
AS26s3,9,AS26,1,AS
AS26s3,10,AS26,1,AS
AS26s3,11,AS26,3,AS
AS26s3,12,AS26,4,AS
AS26s3,13,AS26,0,AS
AS26s3,14,AS26,0,AS
AS26s3,15,AS26,1,AS
AS26s3,16,AS26,0,AS
AS26s3,17,AS26,1,AS
AS26s3,18,AS26,0,AS
AS26s3,19,AS26,0,AS
AS26s3,20,AS26,0,AS
AS26s3,21,AS26,1,AS
AS26s3,22,AS26,0,AS
AS26s4,1,AS26,2,AS
AS26s4,2,AS26,1,AS
AS26s4,3,AS26,0,AS
AS26s4,4,AS26,1,AS
AS26s4,5,AS26,1,AS
AS26s4,6,AS26,1,AS
AS26s4,7,AS26,2,AS
AS26s4,8,AS26,1,AS
AS26s4,9,AS26,1,AS
AS26s4,10,AS26,2,AS
AS26s4,11,AS26,2,AS
AS26s4,12,AS26,1,AS
AS26s4,13,AS26,0,AS
AS26s4,14,AS26,1,AS
AS26s4,15,AS26,0,AS
AS26s4,16,AS26,0,AS
AS26s4,17,AS26,0,AS
AS26s4,18,AS26,1,AS
AS26s4,19,AS26,1,AS
AS26s4,20,AS26,0,AS
AS26s4,21,AS26,1,AS
AS26s4,22,AS26,0,AS
AS26s5,1,AS26,1,AS
AS26s5,2,AS26,2,AS
AS26s5,3,AS26,1,AS
AS26s5,4,AS26,0,AS
AS26s5,5,AS26,1,AS
AS26s5,6,AS26,2,AS
AS26s5,7,AS26,2,AS
AS26s5,8,AS26,2,AS
AS26s5,9,AS26,1,AS
AS26s5,10,AS26,0,AS
AS26s5,11,AS26,1,AS
AS26s5,12,AS26,1,AS
AS26s5,13,AS26,1,AS
AS26s5,14,AS26,2,AS
AS26s5,15,AS26,2,AS
AS26s5,16,AS26,1,AS
AS26s5,17,AS26,0,AS
AS26s5,18,AS26,0,AS
AS26s5,19,AS26,0,AS
AS26s5,20,AS26,0,AS
AS26s5,21,AS26,1,AS
AS26s5,22,AS26,0,AS
AS27s1,1,AS27,2,AS
AS27s1,2,AS27,1,AS
AS27s1,3,AS27,1,AS
AS27s1,4,AS27,1,AS
AS27s1,5,AS27,1,AS
AS27s1,6,AS27,3,AS
AS27s1,7,AS27,1,AS
AS27s1,8,AS27,2,AS
AS27s1,9,AS27,2,AS
AS27s1,10,AS27,1,AS
AS27s1,11,AS27,1,AS
AS27s1,12,AS27,2,AS
AS27s1,13,AS27,1,AS
AS27s1,14,AS27,1,AS
AS27s1,15,AS27,1,AS
AS27s1,16,AS27,2,AS
AS27s1,17,AS27,1,AS
AS27s1,18,AS27,1,AS
AS27s1,19,AS27,1,AS
AS27s1,20,AS27,0,AS
AS27s1,21,AS27,0,AS
AS27s1,22,AS27,0,AS
AS27s2,1,AS27,1,AS
AS27s2,2,AS27,3,AS
AS27s2,3,AS27,1,AS
AS27s2,4,AS27,2,AS
AS27s2,5,AS27,2,AS
AS27s2,6,AS27,2,AS
AS27s2,7,AS27,2,AS
AS27s2,8,AS27,1,AS
AS27s2,9,AS27,1,AS
AS27s2,10,AS27,1,AS
AS27s2,11,AS27,1,AS
AS27s2,12,AS27,4,AS
AS27s2,13,AS27,1,AS
AS27s2,14,AS27,3,AS
AS27s2,15,AS27,0,AS
AS27s2,16,AS27,1,AS
AS27s2,17,AS27,0,AS
AS27s2,18,AS27,1,AS
AS27s2,19,AS27,1,AS
AS27s2,20,AS27,1,AS
AS27s2,21,AS27,0,AS
AS27s2,22,AS27,0,AS
AS27s4,1,AS27,2,AS
AS27s4,2,AS27,1,AS
AS27s4,3,AS27,1,AS
AS27s4,4,AS27,2,AS
AS27s4,5,AS27,3,AS
AS27s4,6,AS27,1,AS
AS27s4,7,AS27,2,AS
AS27s4,8,AS27,2,AS
AS27s4,9,AS27,1,AS
AS27s4,10,AS27,1,AS
AS27s4,11,AS27,1,AS
AS27s4,12,AS27,1,AS
AS27s4,13,AS27,2,AS
AS27s4,14,AS27,3,AS
AS27s4,15,AS27,3,AS
AS27s4,16,AS27,0,AS
AS27s4,17,AS27,1,AS
AS27s4,18,AS27,1,AS
AS27s4,19,AS27,2,AS
AS27s4,20,AS27,2,AS
AS27s4,21,AS27,0,AS
AS27s4,22,AS27,0,AS
AS27s5,1,AS27,2,AS
AS27s5,2,AS27,1,AS
AS27s5,3,AS27,1,AS
AS27s5,4,AS27,3,AS
AS27s5,5,AS27,1,AS
AS27s5,6,AS27,1,AS
AS27s5,7,AS27,1,AS
AS27s5,8,AS27,2,AS
AS27s5,9,AS27,1,AS
AS27s5,10,AS27,1,AS
AS27s5,11,AS27,5,AS
AS27s5,12,AS27,1,AS
AS27s5,13,AS27,0,AS
AS27s5,14,AS27,1,AS
AS27s5,15,AS27,1,AS
AS27s5,16,AS27,1,AS
AS27s5,17,AS27,1,AS
AS27s5,18,AS27,0,AS
AS27s5,19,AS27,0,AS
AS27s5,20,AS27,1,AS
AS27s5,21,AS27,1,AS
AS27s5,22,AS27,0,AS
AS28s1,1,AS28,1,AS
AS28s1,2,AS28,1,AS
AS28s1,3,AS28,1,AS
AS28s1,4,AS28,1,AS
AS28s1,5,AS28,2,AS
AS28s1,6,AS28,3,AS
AS28s1,7,AS28,0,AS
AS28s1,8,AS28,1,AS
AS28s1,9,AS28,0,AS
AS28s1,10,AS28,0,AS
AS28s1,11,AS28,2,AS
AS28s1,12,AS28,1,AS
AS28s1,13,AS28,0,AS
AS28s1,14,AS28,2,AS
AS28s1,15,AS28,1,AS
AS28s1,16,AS28,0,AS
AS28s1,17,AS28,1,AS
AS28s1,18,AS28,2,AS
AS28s1,19,AS28,0,AS
AS28s1,20,AS28,0,AS
AS28s1,21,AS28,0,AS
AS28s1,22,AS28,0,AS
AS28s2,1,AS28,3,AS
AS28s2,2,AS28,2,AS
AS28s2,3,AS28,1,AS
AS28s2,4,AS28,1,AS
AS28s2,5,AS28,2,AS
AS28s2,6,AS28,0,AS
AS28s2,7,AS28,1,AS
AS28s2,8,AS28,2,AS
AS28s2,9,AS28,2,AS
AS28s2,10,AS28,0,AS
AS28s2,11,AS28,2,AS
AS28s2,12,AS28,1,AS
AS28s2,13,AS28,0,AS
AS28s2,14,AS28,2,AS
AS28s2,15,AS28,1,AS
AS28s2,16,AS28,3,AS
AS28s2,17,AS28,0,AS
AS28s2,18,AS28,2,AS
AS28s2,19,AS28,0,AS
AS28s2,20,AS28,1,AS
AS28s2,21,AS28,0,AS
AS28s2,22,AS28,0,AS
AS28s3,1,AS28,1,AS
AS28s3,2,AS28,5,AS
AS28s3,3,AS28,1,AS
AS28s3,4,AS28,1,AS
AS28s3,5,AS28,1,AS
AS28s3,6,AS28,3,AS
AS28s3,7,AS28,2,AS
AS28s3,8,AS28,2,AS
AS28s3,9,AS28,1,AS
AS28s3,10,AS28,1,AS
AS28s3,11,AS28,3,AS
AS28s3,12,AS28,1,AS
AS28s3,13,AS28,2,AS
AS28s3,14,AS28,2,AS
AS28s3,15,AS28,1,AS
AS28s3,16,AS28,1,AS
AS28s3,17,AS28,1,AS
AS28s3,18,AS28,1,AS
AS28s3,19,AS28,4,AS
AS28s3,20,AS28,0,AS
AS28s3,21,AS28,0,AS
AS28s3,22,AS28,0,AS
AS28s4,1,AS28,6,AS
AS28s4,2,AS28,1,AS
AS28s4,3,AS28,1,AS
AS28s4,4,AS28,3,AS
AS28s4,5,AS28,0,AS
AS28s4,6,AS28,0,AS
AS28s4,7,AS28,1,AS
AS28s4,8,AS28,2,AS
AS28s4,9,AS28,2,AS
AS28s4,10,AS28,1,AS
AS28s4,11,AS28,2,AS
AS28s4,12,AS28,0,AS
AS28s4,13,AS28,1,AS
AS28s4,14,AS28,0,AS
AS28s4,15,AS28,1,AS
AS28s4,16,AS28,1,AS
AS28s4,17,AS28,2,AS
AS28s4,18,AS28,0,AS
AS28s4,19,AS28,0,AS
AS28s4,20,AS28,0,AS
AS28s4,21,AS28,0,AS
AS28s4,22,AS28,0,AS
AS28s5,1,AS28,1,AS
AS28s5,2,AS28,2,AS
AS28s5,3,AS28,1,AS
AS28s5,4,AS28,1,AS
AS28s5,5,AS28,2,AS
AS28s5,6,AS28,1,AS
AS28s5,7,AS28,2,AS
AS28s5,8,AS28,1,AS
AS28s5,9,AS28,1,AS
AS28s5,10,AS28,1,AS
AS28s5,11,AS28,3,AS
AS28s5,12,AS28,1,AS
AS28s5,13,AS28,0,AS
AS28s5,14,AS28,1,AS
AS28s5,15,AS28,1,AS
AS28s5,16,AS28,1,AS
AS28s5,17,AS28,1,AS
AS28s5,18,AS28,0,AS
AS28s5,19,AS28,0,AS
AS28s5,20,AS28,0,AS
AS28s5,21,AS28,1,AS
AS28s5,22,AS28,0,AS
AS29s1,1,AS29,1,AS
AS29s1,2,AS29,2,AS
AS29s1,3,AS29,1,AS
AS29s1,4,AS29,2,AS
AS29s1,5,AS29,1,AS
AS29s1,6,AS29,2,AS
AS29s1,7,AS29,0,AS
AS29s1,8,AS29,2,AS
AS29s1,9,AS29,1,AS
AS29s1,10,AS29,1,AS
AS29s1,11,AS29,1,AS
AS29s1,12,AS29,4,AS
AS29s1,13,AS29,1,AS
AS29s1,14,AS29,1,AS
AS29s1,15,AS29,1,AS
AS29s1,16,AS29,0,AS
AS29s1,17,AS29,2,AS
AS29s1,18,AS29,1,AS
AS29s1,19,AS29,1,AS
AS29s1,20,AS29,0,AS
AS29s1,21,AS29,0,AS
AS29s1,22,AS29,0,AS
AS29s3,1,AS29,2,AS
AS29s3,2,AS29,1,AS
AS29s3,3,AS29,5,AS
AS29s3,4,AS29,2,AS
AS29s3,5,AS29,5,AS
AS29s3,6,AS29,4,AS
AS29s3,7,AS29,1,AS
AS29s3,8,AS29,2,AS
AS29s3,9,AS29,1,AS
AS29s3,10,AS29,4,AS
AS29s3,11,AS29,1,AS
AS29s3,12,AS29,5,AS
AS29s3,13,AS29,1,AS
AS29s3,14,AS29,2,AS
AS29s3,15,AS29,1,AS
AS29s3,16,AS29,1,AS
AS29s3,17,AS29,1,AS
AS29s3,18,AS29,1,AS
AS29s3,19,AS29,1,AS
AS29s3,20,AS29,0,AS
AS29s3,21,AS29,0,AS
AS29s3,22,AS29,1,AS
AS29s5,1,AS29,1,AS
AS29s5,2,AS29,1,AS
AS29s5,3,AS29,1,AS
AS29s5,4,AS29,6,AS
AS29s5,5,AS29,3,AS
AS29s5,6,AS29,4,AS
AS29s5,7,AS29,2,AS
AS29s5,8,AS29,2,AS
AS29s5,9,AS29,6,AS
AS29s5,10,AS29,1,AS
AS29s5,11,AS29,1,AS
AS29s5,12,AS29,1,AS
AS29s5,13,AS29,1,AS
AS29s5,14,AS29,1,AS
AS29s5,15,AS29,2,AS
AS29s5,16,AS29,2,AS
AS29s5,17,AS29,1,AS
AS29s5,18,AS29,1,AS
AS29s5,19,AS29,0,AS
AS29s5,20,AS29,1,AS
AS29s5,21,AS29,1,AS
AS29s5,22,AS29,1,AS
AS32s1,1,AS32,1,AS
AS32s1,2,AS32,2,AS
AS32s1,3,AS32,0,AS
AS32s1,4,AS32,1,AS
AS32s1,5,AS32,1,AS
AS32s1,6,AS32,2,AS
AS32s1,7,AS32,2,AS
AS32s1,8,AS32,1,AS
AS32s1,9,AS32,0,AS
AS32s1,10,AS32,0,AS
AS32s1,11,AS32,0,AS
AS32s1,12,AS32,1,AS
AS32s1,13,AS32,0,AS
AS32s1,14,AS32,2,AS
AS32s1,15,AS32,1,AS
AS32s1,16,AS32,2,AS
AS32s1,17,AS32,1,AS
AS32s1,18,AS32,0,AS
AS32s1,19,AS32,1,AS
AS32s1,20,AS32,0,AS
AS32s1,21,AS32,0,AS
AS32s1,22,AS32,1,AS
AS32s2,1,AS32,1,AS
AS32s2,2,AS32,1,AS
AS32s2,3,AS32,1,AS
AS32s2,4,AS32,1,AS
AS32s2,5,AS32,3,AS
AS32s2,6,AS32,1,AS
AS32s2,7,AS32,3,AS
AS32s2,8,AS32,1,AS
AS32s2,9,AS32,1,AS
AS32s2,10,AS32,0,AS
AS32s2,11,AS32,1,AS
AS32s2,12,AS32,1,AS
AS32s2,13,AS32,3,AS
AS32s2,14,AS32,1,AS
AS32s2,15,AS32,1,AS
AS32s2,16,AS32,2,AS
AS32s2,17,AS32,1,AS
AS32s2,18,AS32,1,AS
AS32s2,19,AS32,1,AS
AS32s2,20,AS32,2,AS
AS32s2,21,AS32,0,AS
AS32s2,22,AS32,0,AS
AS32s3,1,AS32,3,AS
AS32s3,2,AS32,1,AS
AS32s3,3,AS32,1,AS
AS32s3,4,AS32,4,AS
AS32s3,5,AS32,2,AS
AS32s3,6,AS32,1,AS
AS32s3,7,AS32,1,AS
AS32s3,8,AS32,4,AS
AS32s3,9,AS32,1,AS
AS32s3,10,AS32,1,AS
AS32s3,11,AS32,1,AS
AS32s3,12,AS32,1,AS
AS32s3,13,AS32,1,AS
AS32s3,14,AS32,2,AS
AS32s3,15,AS32,2,AS
AS32s3,16,AS32,0,AS
AS32s3,17,AS32,0,AS
AS32s3,18,AS32,1,AS
AS32s3,19,AS32,1,AS
AS32s3,20,AS32,2,AS
AS32s3,21,AS32,1,AS
AS32s3,22,AS32,0,AS
AS32s5,1,AS32,1,AS
AS32s5,2,AS32,3,AS
AS32s5,3,AS32,1,AS
AS32s5,4,AS32,1,AS
AS32s5,5,AS32,3,AS
AS32s5,6,AS32,3,AS
AS32s5,7,AS32,2,AS
AS32s5,8,AS32,1,AS
AS32s5,9,AS32,1,AS
AS32s5,10,AS32,2,AS
AS32s5,11,AS32,4,AS
AS32s5,12,AS32,2,AS
AS32s5,13,AS32,0,AS
AS32s5,14,AS32,2,AS
AS32s5,15,AS32,2,AS
AS32s5,16,AS32,2,AS
AS32s5,17,AS32,0,AS
AS32s5,18,AS32,0,AS
AS32s5,19,AS32,0,AS
AS32s5,20,AS32,2,AS
AS32s5,21,AS32,0,AS
AS32s5,22,AS32,0,AS
AS33s1,1,AS33,1,AS
AS33s1,2,AS33,2,AS
AS33s1,3,AS33,1,AS
AS33s1,4,AS33,1,AS
AS33s1,5,AS33,1,AS
AS33s1,6,AS33,2,AS
AS33s1,7,AS33,1,AS
AS33s1,8,AS33,1,AS
AS33s1,9,AS33,1,AS
AS33s1,10,AS33,1,AS
AS33s1,11,AS33,1,AS
AS33s1,12,AS33,0,AS
AS33s1,13,AS33,1,AS
AS33s1,14,AS33,1,AS
AS33s1,15,AS33,0,AS
AS33s1,16,AS33,0,AS
AS33s1,17,AS33,0,AS
AS33s1,18,AS33,0,AS
AS33s1,19,AS33,1,AS
AS33s1,20,AS33,1,AS
AS33s1,21,AS33,0,AS
AS33s1,22,AS33,0,AS
AS33s2,1,AS33,1,AS
AS33s2,2,AS33,1,AS
AS33s2,3,AS33,1,AS
AS33s2,4,AS33,1,AS
AS33s2,5,AS33,1,AS
AS33s2,6,AS33,1,AS
AS33s2,7,AS33,1,AS
AS33s2,8,AS33,2,AS
AS33s2,9,AS33,1,AS
AS33s2,10,AS33,2,AS
AS33s2,11,AS33,2,AS
AS33s2,12,AS33,1,AS
AS33s2,13,AS33,1,AS
AS33s2,14,AS33,2,AS
AS33s2,15,AS33,0,AS
AS33s2,16,AS33,0,AS
AS33s2,17,AS33,0,AS
AS33s2,18,AS33,1,AS
AS33s2,19,AS33,1,AS
AS33s2,20,AS33,0,AS
AS33s2,21,AS33,0,AS
AS33s2,22,AS33,0,AS
AS33s4,1,AS33,3,AS
AS33s4,2,AS33,1,AS
AS33s4,3,AS33,1,AS
AS33s4,4,AS33,2,AS
AS33s4,5,AS33,2,AS
AS33s4,6,AS33,1,AS
AS33s4,7,AS33,0,AS
AS33s4,8,AS33,1,AS
AS33s4,9,AS33,1,AS
AS33s4,10,AS33,1,AS
AS33s4,11,AS33,1,AS
AS33s4,12,AS33,0,AS
AS33s4,13,AS33,3,AS
AS33s4,14,AS33,1,AS
AS33s4,15,AS33,1,AS
AS33s4,16,AS33,0,AS
AS33s4,17,AS33,0,AS
AS33s4,18,AS33,1,AS
AS33s4,19,AS33,0,AS
AS33s4,20,AS33,0,AS
AS33s4,21,AS33,0,AS
AS33s4,22,AS33,0,AS
AS33s5,1,AS33,1,AS
AS33s5,2,AS33,3,AS
AS33s5,3,AS33,3,AS
AS33s5,4,AS33,1,AS
AS33s5,5,AS33,1,AS
AS33s5,6,AS33,2,AS
AS33s5,7,AS33,1,AS
AS33s5,8,AS33,1,AS
AS33s5,9,AS33,1,AS
AS33s5,10,AS33,2,AS
AS33s5,11,AS33,1,AS
AS33s5,12,AS33,1,AS
AS33s5,13,AS33,1,AS
AS33s5,14,AS33,0,AS
AS33s5,15,AS33,1,AS
AS33s5,16,AS33,1,AS
AS33s5,17,AS33,0,AS
AS33s5,18,AS33,1,AS
AS33s5,19,AS33,1,AS
AS33s5,20,AS33,1,AS
AS33s5,21,AS33,0,AS
AS33s5,22,AS33,0,AS
AS34s1,1,AS34,4,AS
AS34s1,2,AS34,1,AS
AS34s1,3,AS34,1,AS
AS34s1,4,AS34,1,AS
AS34s1,5,AS34,2,AS
AS34s1,6,AS34,1,AS
AS34s1,7,AS34,1,AS
AS34s1,8,AS34,1,AS
AS34s1,9,AS34,2,AS
AS34s1,10,AS34,1,AS
AS34s1,11,AS34,1,AS
AS34s1,12,AS34,1,AS
AS34s1,13,AS34,1,AS
AS34s1,14,AS34,1,AS
AS34s1,15,AS34,0,AS
AS34s1,16,AS34,3,AS
AS34s1,17,AS34,1,AS
AS34s1,18,AS34,0,AS
AS34s1,19,AS34,1,AS
AS34s1,20,AS34,1,AS
AS34s1,21,AS34,1,AS
AS34s1,22,AS34,0,AS
AS34s2,1,AS34,0,AS
AS34s2,2,AS34,2,AS
AS34s2,3,AS34,1,AS
AS34s2,4,AS34,1,AS
AS34s2,5,AS34,1,AS
AS34s2,6,AS34,0,AS
AS34s2,7,AS34,0,AS
AS34s2,8,AS34,0,AS
AS34s2,9,AS34,0,AS
AS34s2,10,AS34,0,AS
AS34s2,11,AS34,0,AS
AS34s2,12,AS34,2,AS
AS34s2,13,AS34,0,AS
AS34s2,14,AS34,1,AS
AS34s2,15,AS34,0,AS
AS34s2,16,AS34,0,AS
AS34s2,17,AS34,1,AS
AS34s2,18,AS34,0,AS
AS34s2,19,AS34,0,AS
AS34s2,20,AS34,0,AS
AS34s2,21,AS34,0,AS
AS34s2,22,AS34,0,AS
AS34s3,1,AS34,3,AS
AS34s3,2,AS34,2,AS
AS34s3,3,AS34,1,AS
AS34s3,4,AS34,1,AS
AS34s3,5,AS34,6,AS
AS34s3,6,AS34,1,AS
AS34s3,7,AS34,1,AS
AS34s3,8,AS34,1,AS
AS34s3,9,AS34,2,AS
AS34s3,10,AS34,1,AS
AS34s3,11,AS34,1,AS
AS34s3,12,AS34,1,AS
AS34s3,13,AS34,1,AS
AS34s3,14,AS34,0,AS
AS34s3,15,AS34,1,AS
AS34s3,16,AS34,0,AS
AS34s3,17,AS34,1,AS
AS34s3,18,AS34,0,AS
AS34s3,19,AS34,0,AS
AS34s3,20,AS34,0,AS
AS34s3,21,AS34,0,AS
AS34s3,22,AS34,0,AS
AS34s5,1,AS34,1,AS
AS34s5,2,AS34,1,AS
AS34s5,3,AS34,1,AS
AS34s5,4,AS34,3,AS
AS34s5,5,AS34,3,AS
AS34s5,6,AS34,1,AS
AS34s5,7,AS34,3,AS
AS34s5,8,AS34,1,AS
AS34s5,9,AS34,3,AS
AS34s5,10,AS34,1,AS
AS34s5,11,AS34,1,AS
AS34s5,12,AS34,1,AS
AS34s5,13,AS34,1,AS
AS34s5,14,AS34,0,AS
AS34s5,15,AS34,1,AS
AS34s5,16,AS34,2,AS
AS34s5,17,AS34,1,AS
AS34s5,18,AS34,0,AS
AS34s5,19,AS34,1,AS
AS34s5,20,AS34,1,AS
AS34s5,21,AS34,0,AS
AS34s5,22,AS34,0,AS
AS38s1,1,AS38,1,AS
AS38s1,2,AS38,2,AS
AS38s1,3,AS38,1,AS
AS38s1,4,AS38,1,AS
AS38s1,5,AS38,1,AS
AS38s1,6,AS38,1,AS
AS38s1,7,AS38,0,AS
AS38s1,8,AS38,0,AS
AS38s1,9,AS38,1,AS
AS38s1,10,AS38,2,AS
AS38s1,11,AS38,1,AS
AS38s1,12,AS38,1,AS
AS38s1,13,AS38,3,AS
AS38s1,14,AS38,1,AS
AS38s1,15,AS38,1,AS
AS38s1,16,AS38,1,AS
AS38s1,17,AS38,0,AS
AS38s1,18,AS38,1,AS
AS38s1,19,AS38,0,AS
AS38s1,20,AS38,1,AS
AS38s1,21,AS38,3,AS
AS38s1,22,AS38,0,AS
AS38s3,1,AS38,1,AS
AS38s3,2,AS38,2,AS
AS38s3,3,AS38,2,AS
AS38s3,4,AS38,6,AS
AS38s3,5,AS38,1,AS
AS38s3,6,AS38,1,AS
AS38s3,7,AS38,0,AS
AS38s3,8,AS38,1,AS
AS38s3,9,AS38,1,AS
AS38s3,10,AS38,1,AS
AS38s3,11,AS38,1,AS
AS38s3,12,AS38,1,AS
AS38s3,13,AS38,1,AS
AS38s3,14,AS38,1,AS
AS38s3,15,AS38,1,AS
AS38s3,16,AS38,0,AS
AS38s3,17,AS38,0,AS
AS38s3,18,AS38,1,AS
AS38s3,19,AS38,0,AS
AS38s3,20,AS38,2,AS
AS38s3,21,AS38,1,AS
AS38s3,22,AS38,0,AS
AS38s4,1,AS38,1,AS
AS38s4,2,AS38,2,AS
AS38s4,3,AS38,1,AS
AS38s4,4,AS38,2,AS
AS38s4,5,AS38,2,AS
AS38s4,6,AS38,1,AS
AS38s4,7,AS38,1,AS
AS38s4,8,AS38,0,AS
AS38s4,9,AS38,1,AS
AS38s4,10,AS38,1,AS
AS38s4,11,AS38,0,AS
AS38s4,12,AS38,1,AS
AS38s4,13,AS38,1,AS
AS38s4,14,AS38,1,AS
AS38s4,15,AS38,1,AS
AS38s4,16,AS38,1,AS
AS38s4,17,AS38,0,AS
AS38s4,18,AS38,2,AS
AS38s4,19,AS38,0,AS
AS38s4,20,AS38,0,AS
AS38s4,21,AS38,0,AS
AS38s4,22,AS38,0,AS
AS38s5,1,AS38,0,AS
AS38s5,2,AS38,2,AS
AS38s5,3,AS38,2,AS
AS38s5,4,AS38,0,AS
AS38s5,5,AS38,3,AS
AS38s5,6,AS38,0,AS
AS38s5,7,AS38,0,AS
AS38s5,8,AS38,1,AS
AS38s5,9,AS38,0,AS
AS38s5,10,AS38,1,AS
AS38s5,11,AS38,1,AS
AS38s5,12,AS38,0,AS
AS38s5,13,AS38,0,AS
AS38s5,14,AS38,0,AS
AS38s5,15,AS38,1,AS
AS38s5,16,AS38,0,AS
AS38s5,17,AS38,0,AS
AS38s5,18,AS38,0,AS
AS38s5,19,AS38,0,AS
AS38s5,20,AS38,0,AS
AS38s5,21,AS38,0,AS
AS38s5,22,AS38,0,AS
AS41s1,1,AS41,2,AS
AS41s1,2,AS41,1,AS
AS41s1,3,AS41,2,AS
AS41s1,4,AS41,1,AS
AS41s1,5,AS41,1,AS
AS41s1,6,AS41,1,AS
AS41s1,7,AS41,1,AS
AS41s1,8,AS41,1,AS
AS41s1,9,AS41,3,AS
AS41s1,10,AS41,1,AS
AS41s1,11,AS41,1,AS
AS41s1,12,AS41,1,AS
AS41s1,13,AS41,1,AS
AS41s1,14,AS41,0,AS
AS41s1,15,AS41,1,AS
AS41s1,16,AS41,0,AS
AS41s1,17,AS41,0,AS
AS41s1,18,AS41,0,AS
AS41s1,19,AS41,0,AS
AS41s1,20,AS41,0,AS
AS41s1,21,AS41,0,AS
AS41s1,22,AS41,0,AS
AS41s2,1,AS41,1,AS
AS41s2,2,AS41,1,AS
AS41s2,3,AS41,1,AS
AS41s2,4,AS41,4,AS
AS41s2,5,AS41,1,AS
AS41s2,6,AS41,1,AS
AS41s2,7,AS41,1,AS
AS41s2,8,AS41,1,AS
AS41s2,9,AS41,1,AS
AS41s2,10,AS41,1,AS
AS41s2,11,AS41,1,AS
AS41s2,12,AS41,2,AS
AS41s2,13,AS41,1,AS
AS41s2,14,AS41,1,AS
AS41s2,15,AS41,2,AS
AS41s2,16,AS41,1,AS
AS41s2,17,AS41,0,AS
AS41s2,18,AS41,2,AS
AS41s2,19,AS41,0,AS
AS41s2,20,AS41,1,AS
AS41s2,21,AS41,0,AS
AS41s2,22,AS41,0,AS
AS41s3,1,AS41,0,AS
AS41s3,2,AS41,0,AS
AS41s3,3,AS41,2,AS
AS41s3,4,AS41,2,AS
AS41s3,5,AS41,1,AS
AS41s3,6,AS41,3,AS
AS41s3,7,AS41,0,AS
AS41s3,8,AS41,3,AS
AS41s3,9,AS41,0,AS
AS41s3,10,AS41,1,AS
AS41s3,11,AS41,1,AS
AS41s3,12,AS41,1,AS
AS41s3,13,AS41,0,AS
AS41s3,14,AS41,1,AS
AS41s3,15,AS41,1,AS
AS41s3,16,AS41,0,AS
AS41s3,17,AS41,0,AS
AS41s3,18,AS41,0,AS
AS41s3,19,AS41,1,AS
AS41s3,20,AS41,0,AS
AS41s3,21,AS41,0,AS
AS41s3,22,AS41,0,AS
AS41s5,1,AS41,1,AS
AS41s5,2,AS41,1,AS
AS41s5,3,AS41,1,AS
AS41s5,4,AS41,1,AS
AS41s5,5,AS41,2,AS
AS41s5,6,AS41,2,AS
AS41s5,7,AS41,1,AS
AS41s5,8,AS41,1,AS
AS41s5,9,AS41,1,AS
AS41s5,10,AS41,1,AS
AS41s5,11,AS41,1,AS
AS41s5,12,AS41,2,AS
AS41s5,13,AS41,0,AS
AS41s5,14,AS41,3,AS
AS41s5,15,AS41,1,AS
AS41s5,16,AS41,2,AS
AS41s5,17,AS41,0,AS
AS41s5,18,AS41,0,AS
AS41s5,19,AS41,1,AS
AS41s5,20,AS41,1,AS
AS41s5,21,AS41,1,AS
AS41s5,22,AS41,0,AS
NF25-2s1,1,NF25-2,4,NF
NF25-2s1,2,NF25-2,1,NF
NF25-2s1,3,NF25-2,2,NF
NF25-2s1,4,NF25-2,2,NF
NF25-2s1,5,NF25-2,1,NF
NF25-2s1,6,NF25-2,1,NF
NF25-2s1,7,NF25-2,1,NF
NF25-2s1,8,NF25-2,2,NF
NF25-2s1,9,NF25-2,2,NF
NF25-2s1,10,NF25-2,1,NF
NF25-2s1,11,NF25-2,3,NF
NF25-2s1,12,NF25-2,1,NF
NF25-2s1,13,NF25-2,3,NF
NF25-2s1,14,NF25-2,1,NF
NF25-2s1,15,NF25-2,1,NF
NF25-2s1,16,NF25-2,1,NF
NF25-2s1,17,NF25-2,0,NF
NF25-2s1,18,NF25-2,1,NF
NF25-2s1,19,NF25-2,0,NF
NF25-2s1,20,NF25-2,1,NF
NF25-2s1,21,NF25-2,0,NF
NF25-2s1,22,NF25-2,0,NF
NF25-2s2,1,NF25-2,1,NF
NF25-2s2,2,NF25-2,2,NF
NF25-2s2,3,NF25-2,1,NF
NF25-2s2,4,NF25-2,2,NF
NF25-2s2,5,NF25-2,1,NF
NF25-2s2,6,NF25-2,1,NF
NF25-2s2,7,NF25-2,2,NF
NF25-2s2,8,NF25-2,1,NF
NF25-2s2,9,NF25-2,1,NF
NF25-2s2,10,NF25-2,1,NF
NF25-2s2,11,NF25-2,1,NF
NF25-2s2,12,NF25-2,1,NF
NF25-2s2,13,NF25-2,2,NF
NF25-2s2,14,NF25-2,0,NF
NF25-2s2,15,NF25-2,1,NF
NF25-2s2,16,NF25-2,1,NF
NF25-2s2,17,NF25-2,2,NF
NF25-2s2,18,NF25-2,1,NF
NF25-2s2,19,NF25-2,1,NF
NF25-2s2,20,NF25-2,1,NF
NF25-2s2,21,NF25-2,0,NF
NF25-2s2,22,NF25-2,0,NF
NF25-2s3,1,NF25-2,1,NF
NF25-2s3,2,NF25-2,1,NF
NF25-2s3,3,NF25-2,2,NF
NF25-2s3,4,NF25-2,7,NF
NF25-2s3,5,NF25-2,3,NF
NF25-2s3,6,NF25-2,1,NF
NF25-2s3,7,NF25-2,1,NF
NF25-2s3,8,NF25-2,2,NF
NF25-2s3,9,NF25-2,2,NF
NF25-2s3,10,NF25-2,2,NF
NF25-2s3,11,NF25-2,5,NF
NF25-2s3,12,NF25-2,1,NF
NF25-2s3,13,NF25-2,1,NF
NF25-2s3,14,NF25-2,1,NF
NF25-2s3,15,NF25-2,1,NF
NF25-2s3,16,NF25-2,0,NF
NF25-2s3,17,NF25-2,1,NF
NF25-2s3,18,NF25-2,1,NF
NF25-2s3,19,NF25-2,0,NF
NF25-2s3,20,NF25-2,1,NF
NF25-2s3,21,NF25-2,0,NF
NF25-2s3,22,NF25-2,0,NF
NF26-1s2,1,NF26-1,3,NF
NF26-1s2,2,NF26-1,1,NF
NF26-1s2,3,NF26-1,1,NF
NF26-1s2,4,NF26-1,1,NF
NF26-1s2,5,NF26-1,1,NF
NF26-1s2,6,NF26-1,1,NF
NF26-1s2,7,NF26-1,3,NF
NF26-1s2,8,NF26-1,2,NF
NF26-1s2,9,NF26-1,2,NF
NF26-1s2,10,NF26-1,1,NF
NF26-1s2,11,NF26-1,2,NF
NF26-1s2,12,NF26-1,3,NF
NF26-1s2,13,NF26-1,2,NF
NF26-1s2,14,NF26-1,1,NF
NF26-1s2,15,NF26-1,0,NF
NF26-1s2,16,NF26-1,1,NF
NF26-1s2,17,NF26-1,1,NF
NF26-1s2,18,NF26-1,3,NF
NF26-1s2,19,NF26-1,1,NF
NF26-1s2,20,NF26-1,1,NF
NF26-1s2,21,NF26-1,1,NF
NF26-1s2,22,NF26-1,0,NF
NF26-1s3,1,NF26-1,1,NF
NF26-1s3,2,NF26-1,3,NF
NF26-1s3,3,NF26-1,4,NF
NF26-1s3,4,NF26-1,3,NF
NF26-1s3,5,NF26-1,4,NF
NF26-1s3,6,NF26-1,3,NF
NF26-1s3,7,NF26-1,2,NF
NF26-1s3,8,NF26-1,1,NF
NF26-1s3,9,NF26-1,2,NF
NF26-1s3,10,NF26-1,1,NF
NF26-1s3,11,NF26-1,2,NF
NF26-1s3,12,NF26-1,1,NF
NF26-1s3,13,NF26-1,1,NF
NF26-1s3,14,NF26-1,1,NF
NF26-1s3,15,NF26-1,1,NF
NF26-1s3,16,NF26-1,1,NF
NF26-1s3,17,NF26-1,1,NF
NF26-1s3,18,NF26-1,2,NF
NF26-1s3,19,NF26-1,0,NF
NF26-1s3,20,NF26-1,1,NF
NF26-1s3,21,NF26-1,0,NF
NF26-1s3,22,NF26-1,0,NF
NF26-1s5,1,NF26-1,1,NF
NF26-1s5,2,NF26-1,5,NF
NF26-1s5,3,NF26-1,5,NF
NF26-1s5,4,NF26-1,1,NF
NF26-1s5,5,NF26-1,5,NF
NF26-1s5,6,NF26-1,4,NF
NF26-1s5,7,NF26-1,2,NF
NF26-1s5,8,NF26-1,1,NF
NF26-1s5,9,NF26-1,1,NF
NF26-1s5,10,NF26-1,1,NF
NF26-1s5,11,NF26-1,1,NF
NF26-1s5,12,NF26-1,1,NF
NF26-1s5,13,NF26-1,2,NF
NF26-1s5,14,NF26-1,2,NF
NF26-1s5,15,NF26-1,2,NF
NF26-1s5,16,NF26-1,1,NF
NF26-1s5,17,NF26-1,2,NF
NF26-1s5,18,NF26-1,1,NF
NF26-1s5,19,NF26-1,2,NF
NF26-1s5,20,NF26-1,1,NF
NF26-1s5,21,NF26-1,2,NF
NF26-1s5,22,NF26-1,0,NF
NF27-2s1,1,NF27-2,2,NF
NF27-2s1,2,NF27-2,1,NF
NF27-2s1,3,NF27-2,2,NF
NF27-2s1,4,NF27-2,1,NF
NF27-2s1,5,NF27-2,1,NF
NF27-2s1,6,NF27-2,2,NF
NF27-2s1,7,NF27-2,1,NF
NF27-2s1,8,NF27-2,1,NF
NF27-2s1,9,NF27-2,1,NF
NF27-2s1,10,NF27-2,0,NF
NF27-2s1,11,NF27-2,3,NF
NF27-2s1,12,NF27-2,2,NF
NF27-2s1,13,NF27-2,1,NF
NF27-2s1,14,NF27-2,1,NF
NF27-2s1,15,NF27-2,0,NF
NF27-2s1,16,NF27-2,2,NF
NF27-2s1,17,NF27-2,1,NF
NF27-2s1,18,NF27-2,0,NF
NF27-2s1,19,NF27-2,0,NF
NF27-2s1,20,NF27-2,1,NF
NF27-2s1,21,NF27-2,0,NF
NF27-2s1,22,NF27-2,0,NF
NF27-2s2,1,NF27-2,1,NF
NF27-2s2,2,NF27-2,1,NF
NF27-2s2,3,NF27-2,3,NF
NF27-2s2,4,NF27-2,2,NF
NF27-2s2,5,NF27-2,1,NF
NF27-2s2,6,NF27-2,2,NF
NF27-2s2,7,NF27-2,1,NF
NF27-2s2,8,NF27-2,1,NF
NF27-2s2,9,NF27-2,1,NF
NF27-2s2,10,NF27-2,0,NF
NF27-2s2,11,NF27-2,2,NF
NF27-2s2,12,NF27-2,1,NF
NF27-2s2,13,NF27-2,1,NF
NF27-2s2,14,NF27-2,0,NF
NF27-2s2,15,NF27-2,1,NF
NF27-2s2,16,NF27-2,1,NF
NF27-2s2,17,NF27-2,0,NF
NF27-2s2,18,NF27-2,0,NF
NF27-2s2,19,NF27-2,2,NF
NF27-2s2,20,NF27-2,1,NF
NF27-2s2,21,NF27-2,0,NF
NF27-2s2,22,NF27-2,1,NF
NF27-2s3,1,NF27-2,1,NF
NF27-2s3,2,NF27-2,1,NF
NF27-2s3,3,NF27-2,2,NF
NF27-2s3,4,NF27-2,1,NF
NF27-2s3,5,NF27-2,6,NF
NF27-2s3,6,NF27-2,1,NF
NF27-2s3,7,NF27-2,2,NF
NF27-2s3,8,NF27-2,2,NF
NF27-2s3,9,NF27-2,0,NF
NF27-2s3,10,NF27-2,2,NF
NF27-2s3,11,NF27-2,2,NF
NF27-2s3,12,NF27-2,1,NF
NF27-2s3,13,NF27-2,1,NF
NF27-2s3,14,NF27-2,2,NF
NF27-2s3,15,NF27-2,2,NF
NF27-2s3,16,NF27-2,1,NF
NF27-2s3,17,NF27-2,2,NF
NF27-2s3,18,NF27-2,1,NF
NF27-2s3,19,NF27-2,1,NF
NF27-2s3,20,NF27-2,2,NF
NF27-2s3,21,NF27-2,0,NF
NF27-2s3,22,NF27-2,1,NF
NF27-2s4,1,NF27-2,1,NF
NF27-2s4,2,NF27-2,1,NF
NF27-2s4,3,NF27-2,1,NF
NF27-2s4,4,NF27-2,5,NF
NF27-2s4,5,NF27-2,1,NF
NF27-2s4,6,NF27-2,1,NF
NF27-2s4,7,NF27-2,2,NF
NF27-2s4,8,NF27-2,3,NF
NF27-2s4,9,NF27-2,1,NF
NF27-2s4,10,NF27-2,5,NF
NF27-2s4,11,NF27-2,1,NF
NF27-2s4,12,NF27-2,3,NF
NF27-2s4,13,NF27-2,1,NF
NF27-2s4,14,NF27-2,1,NF
NF27-2s4,15,NF27-2,0,NF
NF27-2s4,16,NF27-2,1,NF
NF27-2s4,17,NF27-2,1,NF
NF27-2s4,18,NF27-2,0,NF
NF27-2s4,19,NF27-2,2,NF
NF27-2s4,20,NF27-2,0,NF
NF27-2s4,21,NF27-2,1,NF
NF27-2s4,22,NF27-2,0,NF
NF27-2s5,1,NF27-2,2,NF
NF27-2s5,2,NF27-2,2,NF
NF27-2s5,3,NF27-2,0,NF
NF27-2s5,4,NF27-2,1,NF
NF27-2s5,5,NF27-2,1,NF
NF27-2s5,6,NF27-2,1,NF
NF27-2s5,7,NF27-2,1,NF
NF27-2s5,8,NF27-2,5,NF
NF27-2s5,9,NF27-2,1,NF
NF27-2s5,10,NF27-2,1,NF
NF27-2s5,11,NF27-2,2,NF
NF27-2s5,12,NF27-2,2,NF
NF27-2s5,13,NF27-2,2,NF
NF27-2s5,14,NF27-2,2,NF
NF27-2s5,15,NF27-2,2,NF
NF27-2s5,16,NF27-2,1,NF
NF27-2s5,17,NF27-2,0,NF
NF27-2s5,18,NF27-2,1,NF
NF27-2s5,19,NF27-2,2,NF
NF27-2s5,20,NF27-2,0,NF
NF27-2s5,21,NF27-2,0,NF
NF27-2s5,22,NF27-2,0,NF
NF27-3s1,1,NF27-3,2,NF
NF27-3s1,2,NF27-3,3,NF
NF27-3s1,3,NF27-3,1,NF
NF27-3s1,4,NF27-3,2,NF
NF27-3s1,5,NF27-3,1,NF
NF27-3s1,6,NF27-3,1,NF
NF27-3s1,7,NF27-3,1,NF
NF27-3s1,8,NF27-3,2,NF
NF27-3s1,9,NF27-3,2,NF
NF27-3s1,10,NF27-3,1,NF
NF27-3s1,11,NF27-3,1,NF
NF27-3s1,12,NF27-3,3,NF
NF27-3s1,13,NF27-3,1,NF
NF27-3s1,14,NF27-3,1,NF
NF27-3s1,15,NF27-3,0,NF
NF27-3s1,16,NF27-3,0,NF
NF27-3s1,17,NF27-3,0,NF
NF27-3s1,18,NF27-3,1,NF
NF27-3s1,19,NF27-3,0,NF
NF27-3s1,20,NF27-3,1,NF
NF27-3s1,21,NF27-3,0,NF
NF27-3s1,22,NF27-3,0,NF
NF27-3s2,1,NF27-3,1,NF
NF27-3s2,2,NF27-3,3,NF
NF27-3s2,3,NF27-3,1,NF
NF27-3s2,4,NF27-3,1,NF
NF27-3s2,5,NF27-3,2,NF
NF27-3s2,6,NF27-3,2,NF
NF27-3s2,7,NF27-3,1,NF
NF27-3s2,8,NF27-3,0,NF
NF27-3s2,9,NF27-3,1,NF
NF27-3s2,10,NF27-3,1,NF
NF27-3s2,11,NF27-3,1,NF
NF27-3s2,12,NF27-3,1,NF
NF27-3s2,13,NF27-3,1,NF
NF27-3s2,14,NF27-3,0,NF
NF27-3s2,15,NF27-3,0,NF
NF27-3s2,16,NF27-3,1,NF
NF27-3s2,17,NF27-3,0,NF
NF27-3s2,18,NF27-3,0,NF
NF27-3s2,19,NF27-3,1,NF
NF27-3s2,20,NF27-3,2,NF
NF27-3s2,21,NF27-3,0,NF
NF27-3s2,22,NF27-3,0,NF
NF27-3s4,1,NF27-3,2,NF
NF27-3s4,2,NF27-3,1,NF
NF27-3s4,3,NF27-3,0,NF
NF27-3s4,4,NF27-3,3,NF
NF27-3s4,5,NF27-3,1,NF
NF27-3s4,6,NF27-3,1,NF
NF27-3s4,7,NF27-3,1,NF
NF27-3s4,8,NF27-3,0,NF
NF27-3s4,9,NF27-3,1,NF
NF27-3s4,10,NF27-3,4,NF
NF27-3s4,11,NF27-3,2,NF
NF27-3s4,12,NF27-3,1,NF
NF27-3s4,13,NF27-3,3,NF
NF27-3s4,14,NF27-3,1,NF
NF27-3s4,15,NF27-3,1,NF
NF27-3s4,16,NF27-3,0,NF
NF27-3s4,17,NF27-3,0,NF
NF27-3s4,18,NF27-3,0,NF
NF27-3s4,19,NF27-3,0,NF
NF27-3s4,20,NF27-3,0,NF
NF27-3s4,21,NF27-3,1,NF
NF27-3s4,22,NF27-3,0,NF
NF27-3s5,1,NF27-3,2,NF
NF27-3s5,2,NF27-3,3,NF
NF27-3s5,3,NF27-3,1,NF
NF27-3s5,4,NF27-3,3,NF
NF27-3s5,5,NF27-3,2,NF
NF27-3s5,6,NF27-3,2,NF
NF27-3s5,7,NF27-3,1,NF
NF27-3s5,8,NF27-3,1,NF
NF27-3s5,9,NF27-3,1,NF
NF27-3s5,10,NF27-3,2,NF
NF27-3s5,11,NF27-3,1,NF
NF27-3s5,12,NF27-3,1,NF
NF27-3s5,13,NF27-3,1,NF
NF27-3s5,14,NF27-3,0,NF
NF27-3s5,15,NF27-3,1,NF
NF27-3s5,16,NF27-3,1,NF
NF27-3s5,17,NF27-3,0,NF
NF27-3s5,18,NF27-3,0,NF
NF27-3s5,19,NF27-3,1,NF
NF27-3s5,20,NF27-3,1,NF
NF27-3s5,21,NF27-3,0,NF
NF27-3s5,22,NF27-3,0,NF
NF28-1s2,1,NF28-1,3,NF
NF28-1s2,2,NF28-1,0,NF
NF28-1s2,3,NF28-1,1,NF
NF28-1s2,4,NF28-1,2,NF
NF28-1s2,5,NF28-1,2,NF
NF28-1s2,6,NF28-1,1,NF
NF28-1s2,7,NF28-1,1,NF
NF28-1s2,8,NF28-1,1,NF
NF28-1s2,9,NF28-1,2,NF
NF28-1s2,10,NF28-1,0,NF
NF28-1s2,11,NF28-1,1,NF
NF28-1s2,12,NF28-1,2,NF
NF28-1s2,13,NF28-1,1,NF
NF28-1s2,14,NF28-1,2,NF
NF28-1s2,15,NF28-1,2,NF
NF28-1s2,16,NF28-1,0,NF
NF28-1s2,17,NF28-1,1,NF
NF28-1s2,18,NF28-1,0,NF
NF28-1s2,19,NF28-1,0,NF
NF28-1s2,20,NF28-1,1,NF
NF28-1s2,21,NF28-1,0,NF
NF28-1s2,22,NF28-1,0,NF
NF28-1s3,1,NF28-1,1,NF
NF28-1s3,2,NF28-1,1,NF
NF28-1s3,3,NF28-1,1,NF
NF28-1s3,4,NF28-1,1,NF
NF28-1s3,5,NF28-1,2,NF
NF28-1s3,6,NF28-1,1,NF
NF28-1s3,7,NF28-1,1,NF
NF28-1s3,8,NF28-1,1,NF
NF28-1s3,9,NF28-1,1,NF
NF28-1s3,10,NF28-1,1,NF
NF28-1s3,11,NF28-1,1,NF
NF28-1s3,12,NF28-1,2,NF
NF28-1s3,13,NF28-1,1,NF
NF28-1s3,14,NF28-1,2,NF
NF28-1s3,15,NF28-1,1,NF
NF28-1s3,16,NF28-1,0,NF
NF28-1s3,17,NF28-1,0,NF
NF28-1s3,18,NF28-1,2,NF
NF28-1s3,19,NF28-1,0,NF
NF28-1s3,20,NF28-1,0,NF
NF28-1s3,21,NF28-1,2,NF
NF28-1s3,22,NF28-1,0,NF
NF28-1s4,1,NF28-1,1,NF
NF28-1s4,2,NF28-1,1,NF
NF28-1s4,3,NF28-1,1,NF
NF28-1s4,4,NF28-1,4,NF
NF28-1s4,5,NF28-1,2,NF
NF28-1s4,6,NF28-1,1,NF
NF28-1s4,7,NF28-1,3,NF
NF28-1s4,8,NF28-1,1,NF
NF28-1s4,9,NF28-1,2,NF
NF28-1s4,10,NF28-1,2,NF
NF28-1s4,11,NF28-1,1,NF
NF28-1s4,12,NF28-1,2,NF
NF28-1s4,13,NF28-1,1,NF
NF28-1s4,14,NF28-1,0,NF
NF28-1s4,15,NF28-1,1,NF
NF28-1s4,16,NF28-1,1,NF
NF28-1s4,17,NF28-1,1,NF
NF28-1s4,18,NF28-1,1,NF
NF28-1s4,19,NF28-1,1,NF
NF28-1s4,20,NF28-1,0,NF
NF28-1s4,21,NF28-1,0,NF
NF28-1s4,22,NF28-1,0,NF
NF28-1s5,1,NF28-1,1,NF
NF28-1s5,2,NF28-1,0,NF
NF28-1s5,3,NF28-1,0,NF
NF28-1s5,4,NF28-1,4,NF
NF28-1s5,5,NF28-1,1,NF
NF28-1s5,6,NF28-1,1,NF
NF28-1s5,7,NF28-1,3,NF
NF28-1s5,8,NF28-1,0,NF
NF28-1s5,9,NF28-1,1,NF
NF28-1s5,10,NF28-1,0,NF
NF28-1s5,11,NF28-1,1,NF
NF28-1s5,12,NF28-1,3,NF
NF28-1s5,13,NF28-1,2,NF
NF28-1s5,14,NF28-1,1,NF
NF28-1s5,15,NF28-1,0,NF
NF28-1s5,16,NF28-1,0,NF
NF28-1s5,17,NF28-1,1,NF
NF28-1s5,18,NF28-1,1,NF
NF28-1s5,19,NF28-1,1,NF
NF28-1s5,20,NF28-1,0,NF
NF28-1s5,21,NF28-1,0,NF
NF28-1s5,22,NF28-1,0,NF
NF28-2s1,1,NF28-2,1,NF
NF28-2s1,2,NF28-2,1,NF
NF28-2s1,3,NF28-2,2,NF
NF28-2s1,4,NF28-2,1,NF
NF28-2s1,5,NF28-2,1,NF
NF28-2s1,6,NF28-2,3,NF
NF28-2s1,7,NF28-2,4,NF
NF28-2s1,8,NF28-2,1,NF
NF28-2s1,9,NF28-2,1,NF
NF28-2s1,10,NF28-2,1,NF
NF28-2s1,11,NF28-2,1,NF
NF28-2s1,12,NF28-2,1,NF
NF28-2s1,13,NF28-2,0,NF
NF28-2s1,14,NF28-2,2,NF
NF28-2s1,15,NF28-2,1,NF
NF28-2s1,16,NF28-2,1,NF
NF28-2s1,17,NF28-2,1,NF
NF28-2s1,18,NF28-2,1,NF
NF28-2s1,19,NF28-2,0,NF
NF28-2s1,20,NF28-2,1,NF
NF28-2s1,21,NF28-2,0,NF
NF28-2s1,22,NF28-2,0,NF
NF28-2s2,1,NF28-2,4,NF
NF28-2s2,2,NF28-2,2,NF
NF28-2s2,3,NF28-2,2,NF
NF28-2s2,4,NF28-2,1,NF
NF28-2s2,5,NF28-2,1,NF
NF28-2s2,6,NF28-2,1,NF
NF28-2s2,7,NF28-2,1,NF
NF28-2s2,8,NF28-2,1,NF
NF28-2s2,9,NF28-2,1,NF
NF28-2s2,10,NF28-2,5,NF
NF28-2s2,11,NF28-2,1,NF
NF28-2s2,12,NF28-2,1,NF
NF28-2s2,13,NF28-2,0,NF
NF28-2s2,14,NF28-2,0,NF
NF28-2s2,15,NF28-2,1,NF
NF28-2s2,16,NF28-2,2,NF
NF28-2s2,17,NF28-2,1,NF
NF28-2s2,18,NF28-2,0,NF
NF28-2s2,19,NF28-2,0,NF
NF28-2s2,20,NF28-2,1,NF
NF28-2s2,21,NF28-2,0,NF
NF28-2s2,22,NF28-2,0,NF
NF28-2s3,1,NF28-2,3,NF
NF28-2s3,2,NF28-2,2,NF
NF28-2s3,3,NF28-2,2,NF
NF28-2s3,4,NF28-2,1,NF
NF28-2s3,5,NF28-2,2,NF
NF28-2s3,6,NF28-2,1,NF
NF28-2s3,7,NF28-2,1,NF
NF28-2s3,8,NF28-2,2,NF
NF28-2s3,9,NF28-2,1,NF
NF28-2s3,10,NF28-2,0,NF
NF28-2s3,11,NF28-2,1,NF
NF28-2s3,12,NF28-2,3,NF
NF28-2s3,13,NF28-2,2,NF
NF28-2s3,14,NF28-2,3,NF
NF28-2s3,15,NF28-2,1,NF
NF28-2s3,16,NF28-2,5,NF
NF28-2s3,17,NF28-2,1,NF
NF28-2s3,18,NF28-2,2,NF
NF28-2s3,19,NF28-2,0,NF
NF28-2s3,20,NF28-2,1,NF
NF28-2s3,21,NF28-2,1,NF
NF28-2s3,22,NF28-2,0,NF
NF28-2s4,1,NF28-2,1,NF
NF28-2s4,2,NF28-2,8,NF
NF28-2s4,3,NF28-2,1,NF
NF28-2s4,4,NF28-2,2,NF
NF28-2s4,5,NF28-2,2,NF
NF28-2s4,6,NF28-2,0,NF
NF28-2s4,7,NF28-2,2,NF
NF28-2s4,8,NF28-2,2,NF
NF28-2s4,9,NF28-2,1,NF
NF28-2s4,10,NF28-2,2,NF
NF28-2s4,11,NF28-2,1,NF
NF28-2s4,12,NF28-2,2,NF
NF28-2s4,13,NF28-2,2,NF
NF28-2s4,14,NF28-2,3,NF
NF28-2s4,15,NF28-2,1,NF
NF28-2s4,16,NF28-2,1,NF
NF28-2s4,17,NF28-2,1,NF
NF28-2s4,18,NF28-2,1,NF
NF28-2s4,19,NF28-2,0,NF
NF28-2s4,20,NF28-2,0,NF
NF28-2s4,21,NF28-2,0,NF
NF28-2s4,22,NF28-2,0,NF
NF28-3s1,1,NF28-3,3,NF
NF28-3s1,2,NF28-3,2,NF
NF28-3s1,3,NF28-3,2,NF
NF28-3s1,4,NF28-3,1,NF
NF28-3s1,5,NF28-3,2,NF
NF28-3s1,6,NF28-3,2,NF
NF28-3s1,7,NF28-3,2,NF
NF28-3s1,8,NF28-3,1,NF
NF28-3s1,9,NF28-3,2,NF
NF28-3s1,10,NF28-3,0,NF
NF28-3s1,11,NF28-3,2,NF
NF28-3s1,12,NF28-3,1,NF
NF28-3s1,13,NF28-3,0,NF
NF28-3s1,14,NF28-3,1,NF
NF28-3s1,15,NF28-3,1,NF
NF28-3s1,16,NF28-3,1,NF
NF28-3s1,17,NF28-3,1,NF
NF28-3s1,18,NF28-3,0,NF
NF28-3s1,19,NF28-3,0,NF
NF28-3s1,20,NF28-3,1,NF
NF28-3s1,21,NF28-3,1,NF
NF28-3s1,22,NF28-3,0,NF
NF28-3s2,1,NF28-3,1,NF
NF28-3s2,2,NF28-3,1,NF
NF28-3s2,3,NF28-3,0,NF
NF28-3s2,4,NF28-3,1,NF
NF28-3s2,5,NF28-3,1,NF
NF28-3s2,6,NF28-3,3,NF
NF28-3s2,7,NF28-3,1,NF
NF28-3s2,8,NF28-3,0,NF
NF28-3s2,9,NF28-3,1,NF
NF28-3s2,10,NF28-3,0,NF
NF28-3s2,11,NF28-3,1,NF
NF28-3s2,12,NF28-3,3,NF
NF28-3s2,13,NF28-3,0,NF
NF28-3s2,14,NF28-3,1,NF
NF28-3s2,15,NF28-3,2,NF
NF28-3s2,16,NF28-3,1,NF
NF28-3s2,17,NF28-3,0,NF
NF28-3s2,18,NF28-3,1,NF
NF28-3s2,19,NF28-3,1,NF
NF28-3s2,20,NF28-3,1,NF
NF28-3s2,21,NF28-3,0,NF
NF28-3s2,22,NF28-3,0,NF
NF28-3s3,1,NF28-3,3,NF
NF28-3s3,2,NF28-3,1,NF
NF28-3s3,3,NF28-3,3,NF
NF28-3s3,4,NF28-3,1,NF
NF28-3s3,5,NF28-3,1,NF
NF28-3s3,6,NF28-3,1,NF
NF28-3s3,7,NF28-3,4,NF
NF28-3s3,8,NF28-3,1,NF
NF28-3s3,9,NF28-3,1,NF
NF28-3s3,10,NF28-3,0,NF
NF28-3s3,11,NF28-3,1,NF
NF28-3s3,12,NF28-3,1,NF
NF28-3s3,13,NF28-3,1,NF
NF28-3s3,14,NF28-3,1,NF
NF28-3s3,15,NF28-3,1,NF
NF28-3s3,16,NF28-3,2,NF
NF28-3s3,17,NF28-3,1,NF
NF28-3s3,18,NF28-3,1,NF
NF28-3s3,19,NF28-3,2,NF
NF28-3s3,20,NF28-3,1,NF
NF28-3s3,21,NF28-3,0,NF
NF28-3s3,22,NF28-3,0,NF
NF28-3s4,1,NF28-3,1,NF
NF28-3s4,2,NF28-3,1,NF
NF28-3s4,3,NF28-3,2,NF
NF28-3s4,4,NF28-3,2,NF
NF28-3s4,5,NF28-3,1,NF
NF28-3s4,6,NF28-3,2,NF
NF28-3s4,7,NF28-3,1,NF
NF28-3s4,8,NF28-3,1,NF
NF28-3s4,9,NF28-3,1,NF
NF28-3s4,10,NF28-3,0,NF
NF28-3s4,11,NF28-3,1,NF
NF28-3s4,12,NF28-3,2,NF
NF28-3s4,13,NF28-3,1,NF
NF28-3s4,14,NF28-3,1,NF
NF28-3s4,15,NF28-3,1,NF
NF28-3s4,16,NF28-3,1,NF
NF28-3s4,17,NF28-3,1,NF
NF28-3s4,18,NF28-3,0,NF
NF28-3s4,19,NF28-3,0,NF
NF28-3s4,20,NF28-3,1,NF
NF28-3s4,21,NF28-3,0,NF
NF28-3s4,22,NF28-3,1,NF
NF30-1s1,1,NF30-1,3,NF
NF30-1s1,2,NF30-1,2,NF
NF30-1s1,3,NF30-1,0,NF
NF30-1s1,4,NF30-1,1,NF
NF30-1s1,5,NF30-1,1,NF
NF30-1s1,6,NF30-1,1,NF
NF30-1s1,7,NF30-1,2,NF
NF30-1s1,8,NF30-1,0,NF
NF30-1s1,9,NF30-1,1,NF
NF30-1s1,10,NF30-1,1,NF
NF30-1s1,11,NF30-1,2,NF
NF30-1s1,12,NF30-1,2,NF
NF30-1s1,13,NF30-1,2,NF
NF30-1s1,14,NF30-1,1,NF
NF30-1s1,15,NF30-1,1,NF
NF30-1s1,16,NF30-1,1,NF
NF30-1s1,17,NF30-1,1,NF
NF30-1s1,18,NF30-1,0,NF
NF30-1s1,19,NF30-1,0,NF
NF30-1s1,20,NF30-1,0,NF
NF30-1s1,21,NF30-1,1,NF
NF30-1s1,22,NF30-1,0,NF
NF30-1s2,1,NF30-1,1,NF
NF30-1s2,2,NF30-1,2,NF
NF30-1s2,3,NF30-1,2,NF
NF30-1s2,4,NF30-1,2,NF
NF30-1s2,5,NF30-1,2,NF
NF30-1s2,6,NF30-1,0,NF
NF30-1s2,7,NF30-1,3,NF
NF30-1s2,8,NF30-1,1,NF
NF30-1s2,9,NF30-1,1,NF
NF30-1s2,10,NF30-1,3,NF
NF30-1s2,11,NF30-1,0,NF
NF30-1s2,12,NF30-1,1,NF
NF30-1s2,13,NF30-1,1,NF
NF30-1s2,14,NF30-1,1,NF
NF30-1s2,15,NF30-1,1,NF
NF30-1s2,16,NF30-1,1,NF
NF30-1s2,17,NF30-1,1,NF
NF30-1s2,18,NF30-1,1,NF
NF30-1s2,19,NF30-1,0,NF
NF30-1s2,20,NF30-1,1,NF
NF30-1s2,21,NF30-1,1,NF
NF30-1s2,22,NF30-1,1,NF
NF30-1s3,1,NF30-1,2,NF
NF30-1s3,2,NF30-1,2,NF
NF30-1s3,3,NF30-1,1,NF
NF30-1s3,4,NF30-1,1,NF
NF30-1s3,5,NF30-1,1,NF
NF30-1s3,6,NF30-1,1,NF
NF30-1s3,7,NF30-1,2,NF
NF30-1s3,8,NF30-1,1,NF
NF30-1s3,9,NF30-1,1,NF
NF30-1s3,10,NF30-1,2,NF
NF30-1s3,11,NF30-1,0,NF
NF30-1s3,12,NF30-1,0,NF
NF30-1s3,13,NF30-1,1,NF
NF30-1s3,14,NF30-1,1,NF
NF30-1s3,15,NF30-1,3,NF
NF30-1s3,16,NF30-1,2,NF
NF30-1s3,17,NF30-1,1,NF
NF30-1s3,18,NF30-1,0,NF
NF30-1s3,19,NF30-1,0,NF
NF30-1s3,20,NF30-1,1,NF
NF30-1s3,21,NF30-1,0,NF
NF30-1s3,22,NF30-1,0,NF
NF30-1s4,1,NF30-1,2,NF
NF30-1s4,2,NF30-1,1,NF
NF30-1s4,3,NF30-1,1,NF
NF30-1s4,4,NF30-1,4,NF
NF30-1s4,5,NF30-1,1,NF
NF30-1s4,6,NF30-1,1,NF
NF30-1s4,7,NF30-1,1,NF
NF30-1s4,8,NF30-1,1,NF
NF30-1s4,9,NF30-1,2,NF
NF30-1s4,10,NF30-1,1,NF
NF30-1s4,11,NF30-1,2,NF
NF30-1s4,12,NF30-1,1,NF
NF30-1s4,13,NF30-1,1,NF
NF30-1s4,14,NF30-1,1,NF
NF30-1s4,15,NF30-1,1,NF
NF30-1s4,16,NF30-1,3,NF
NF30-1s4,17,NF30-1,1,NF
NF30-1s4,18,NF30-1,3,NF
NF30-1s4,19,NF30-1,0,NF
NF30-1s4,20,NF30-1,1,NF
NF30-1s4,21,NF30-1,0,NF
NF30-1s4,22,NF30-1,1,NF
NF30-1s5,1,NF30-1,1,NF
NF30-1s5,2,NF30-1,1,NF
NF30-1s5,3,NF30-1,2,NF
NF30-1s5,4,NF30-1,1,NF
NF30-1s5,5,NF30-1,1,NF
NF30-1s5,6,NF30-1,1,NF
NF30-1s5,7,NF30-1,6,NF
NF30-1s5,8,NF30-1,1,NF
NF30-1s5,9,NF30-1,0,NF
NF30-1s5,10,NF30-1,2,NF
NF30-1s5,11,NF30-1,1,NF
NF30-1s5,12,NF30-1,1,NF
NF30-1s5,13,NF30-1,1,NF
NF30-1s5,14,NF30-1,2,NF
NF30-1s5,15,NF30-1,0,NF
NF30-1s5,16,NF30-1,2,NF
NF30-1s5,17,NF30-1,0,NF
NF30-1s5,18,NF30-1,2,NF
NF30-1s5,19,NF30-1,0,NF
NF30-1s5,20,NF30-1,1,NF
NF30-1s5,21,NF30-1,1,NF
NF30-1s5,22,NF30-1,0,NF
NF30-3s1,1,NF30-3,1,NF
NF30-3s1,2,NF30-3,2,NF
NF30-3s1,3,NF30-3,0,NF
NF30-3s1,4,NF30-3,2,NF
NF30-3s1,5,NF30-3,1,NF
NF30-3s1,6,NF30-3,1,NF
NF30-3s1,7,NF30-3,1,NF
NF30-3s1,8,NF30-3,1,NF
NF30-3s1,9,NF30-3,2,NF
NF30-3s1,10,NF30-3,1,NF
NF30-3s1,11,NF30-3,0,NF
NF30-3s1,12,NF30-3,1,NF
NF30-3s1,13,NF30-3,1,NF
NF30-3s1,14,NF30-3,1,NF
NF30-3s1,15,NF30-3,0,NF
NF30-3s1,16,NF30-3,1,NF
NF30-3s1,17,NF30-3,0,NF
NF30-3s1,18,NF30-3,1,NF
NF30-3s1,19,NF30-3,2,NF
NF30-3s1,20,NF30-3,1,NF
NF30-3s1,21,NF30-3,0,NF
NF30-3s1,22,NF30-3,0,NF
NF30-3s2,1,NF30-3,1,NF
NF30-3s2,2,NF30-3,3,NF
NF30-3s2,3,NF30-3,4,NF
NF30-3s2,4,NF30-3,2,NF
NF30-3s2,5,NF30-3,1,NF
NF30-3s2,6,NF30-3,1,NF
NF30-3s2,7,NF30-3,1,NF
NF30-3s2,8,NF30-3,0,NF
NF30-3s2,9,NF30-3,2,NF
NF30-3s2,10,NF30-3,0,NF
NF30-3s2,11,NF30-3,1,NF
NF30-3s2,12,NF30-3,1,NF
NF30-3s2,13,NF30-3,2,NF
NF30-3s2,14,NF30-3,1,NF
NF30-3s2,15,NF30-3,1,NF
NF30-3s2,16,NF30-3,4,NF
NF30-3s2,17,NF30-3,2,NF
NF30-3s2,18,NF30-3,0,NF
NF30-3s2,19,NF30-3,0,NF
NF30-3s2,20,NF30-3,1,NF
NF30-3s2,21,NF30-3,0,NF
NF30-3s2,22,NF30-3,0,NF
NF30-3s3,1,NF30-3,2,NF
NF30-3s3,2,NF30-3,1,NF
NF30-3s3,3,NF30-3,1,NF
NF30-3s3,4,NF30-3,0,NF
NF30-3s3,5,NF30-3,1,NF
NF30-3s3,6,NF30-3,1,NF
NF30-3s3,7,NF30-3,1,NF
NF30-3s3,8,NF30-3,1,NF
NF30-3s3,9,NF30-3,0,NF
NF30-3s3,10,NF30-3,3,NF
NF30-3s3,11,NF30-3,1,NF
NF30-3s3,12,NF30-3,1,NF
NF30-3s3,13,NF30-3,0,NF
NF30-3s3,14,NF30-3,1,NF
NF30-3s3,15,NF30-3,1,NF
NF30-3s3,16,NF30-3,1,NF
NF30-3s3,17,NF30-3,0,NF
NF30-3s3,18,NF30-3,1,NF
NF30-3s3,19,NF30-3,0,NF
NF30-3s3,20,NF30-3,0,NF
NF30-3s3,21,NF30-3,0,NF
NF30-3s3,22,NF30-3,0,NF
NF30-3s4,1,NF30-3,2,NF
NF30-3s4,2,NF30-3,1,NF
NF30-3s4,3,NF30-3,1,NF
NF30-3s4,4,NF30-3,1,NF
NF30-3s4,5,NF30-3,3,NF
NF30-3s4,6,NF30-3,1,NF
NF30-3s4,7,NF30-3,1,NF
NF30-3s4,8,NF30-3,1,NF
NF30-3s4,9,NF30-3,1,NF
NF30-3s4,10,NF30-3,0,NF
NF30-3s4,11,NF30-3,3,NF
NF30-3s4,12,NF30-3,0,NF
NF30-3s4,13,NF30-3,0,NF
NF30-3s4,14,NF30-3,1,NF
NF30-3s4,15,NF30-3,1,NF
NF30-3s4,16,NF30-3,1,NF
NF30-3s4,17,NF30-3,0,NF
NF30-3s4,18,NF30-3,4,NF
NF30-3s4,19,NF30-3,0,NF
NF30-3s4,20,NF30-3,1,NF
NF30-3s4,21,NF30-3,0,NF
NF30-3s4,22,NF30-3,1,NF
NF30-3s5,1,NF30-3,2,NF
NF30-3s5,2,NF30-3,1,NF
NF30-3s5,3,NF30-3,2,NF
NF30-3s5,4,NF30-3,1,NF
NF30-3s5,5,NF30-3,0,NF
NF30-3s5,6,NF30-3,3,NF
NF30-3s5,7,NF30-3,1,NF
NF30-3s5,8,NF30-3,1,NF
NF30-3s5,9,NF30-3,3,NF
NF30-3s5,10,NF30-3,1,NF
NF30-3s5,11,NF30-3,1,NF
NF30-3s5,12,NF30-3,2,NF
NF30-3s5,13,NF30-3,1,NF
NF30-3s5,14,NF30-3,1,NF
NF30-3s5,15,NF30-3,1,NF
NF30-3s5,16,NF30-3,0,NF
NF30-3s5,17,NF30-3,1,NF
NF30-3s5,18,NF30-3,1,NF
NF30-3s5,19,NF30-3,0,NF
NF30-3s5,20,NF30-3,1,NF
NF30-3s5,21,NF30-3,0,NF
NF30-3s5,22,NF30-3,0,NF
NF32-3s1,1,NF32-3,3,NF
NF32-3s1,2,NF32-3,1,NF
NF32-3s1,3,NF32-3,1,NF
NF32-3s1,4,NF32-3,5,NF
NF32-3s1,5,NF32-3,1,NF
NF32-3s1,6,NF32-3,1,NF
NF32-3s1,7,NF32-3,4,NF
NF32-3s1,8,NF32-3,2,NF
NF32-3s1,9,NF32-3,3,NF
NF32-3s1,10,NF32-3,1,NF
NF32-3s1,11,NF32-3,1,NF
NF32-3s1,12,NF32-3,1,NF
NF32-3s1,13,NF32-3,2,NF
NF32-3s1,14,NF32-3,1,NF
NF32-3s1,15,NF32-3,1,NF
NF32-3s1,16,NF32-3,1,NF
NF32-3s1,17,NF32-3,1,NF
NF32-3s1,18,NF32-3,1,NF
NF32-3s1,19,NF32-3,1,NF
NF32-3s1,20,NF32-3,3,NF
NF32-3s1,21,NF32-3,1,NF
NF32-3s1,22,NF32-3,1,NF
NF32-3s2,1,NF32-3,3,NF
NF32-3s2,2,NF32-3,3,NF
NF32-3s2,3,NF32-3,2,NF
NF32-3s2,4,NF32-3,3,NF
NF32-3s2,5,NF32-3,3,NF
NF32-3s2,6,NF32-3,1,NF
NF32-3s2,7,NF32-3,2,NF
NF32-3s2,8,NF32-3,1,NF
NF32-3s2,9,NF32-3,1,NF
NF32-3s2,10,NF32-3,1,NF
NF32-3s2,11,NF32-3,2,NF
NF32-3s2,12,NF32-3,3,NF
NF32-3s2,13,NF32-3,3,NF
NF32-3s2,14,NF32-3,2,NF
NF32-3s2,15,NF32-3,0,NF
NF32-3s2,16,NF32-3,1,NF
NF32-3s2,17,NF32-3,1,NF
NF32-3s2,18,NF32-3,1,NF
NF32-3s2,19,NF32-3,1,NF
NF32-3s2,20,NF32-3,0,NF
NF32-3s2,21,NF32-3,0,NF
NF32-3s2,22,NF32-3,1,NF
NF32-3s4,1,NF32-3,3,NF
NF32-3s4,2,NF32-3,1,NF
NF32-3s4,3,NF32-3,2,NF
NF32-3s4,4,NF32-3,2,NF
NF32-3s4,5,NF32-3,2,NF
NF32-3s4,6,NF32-3,1,NF
NF32-3s4,7,NF32-3,1,NF
NF32-3s4,8,NF32-3,1,NF
NF32-3s4,9,NF32-3,2,NF
NF32-3s4,10,NF32-3,2,NF
NF32-3s4,11,NF32-3,1,NF
NF32-3s4,12,NF32-3,1,NF
NF32-3s4,13,NF32-3,2,NF
NF32-3s4,14,NF32-3,1,NF
NF32-3s4,15,NF32-3,1,NF
NF32-3s4,16,NF32-3,1,NF
NF32-3s4,17,NF32-3,1,NF
NF32-3s4,18,NF32-3,1,NF
NF32-3s4,19,NF32-3,1,NF
NF32-3s4,20,NF32-3,2,NF
NF32-3s4,21,NF32-3,1,NF
NF32-3s4,22,NF32-3,0,NF
NF32-3s5,1,NF32-3,6,NF
NF32-3s5,2,NF32-3,3,NF
NF32-3s5,3,NF32-3,2,NF
NF32-3s5,4,NF32-3,1,NF
NF32-3s5,5,NF32-3,1,NF
NF32-3s5,6,NF32-3,1,NF
NF32-3s5,7,NF32-3,3,NF
NF32-3s5,8,NF32-3,2,NF
NF32-3s5,9,NF32-3,1,NF
NF32-3s5,10,NF32-3,0,NF
NF32-3s5,11,NF32-3,1,NF
NF32-3s5,12,NF32-3,3,NF
NF32-3s5,13,NF32-3,1,NF
NF32-3s5,14,NF32-3,6,NF
NF32-3s5,15,NF32-3,1,NF
NF32-3s5,16,NF32-3,1,NF
NF32-3s5,17,NF32-3,1,NF
NF32-3s5,18,NF32-3,1,NF
NF32-3s5,19,NF32-3,1,NF
NF32-3s5,20,NF32-3,1,NF
NF32-3s5,21,NF32-3,1,NF
NF32-3s5,22,NF32-3,1,NF
NF40-1s1,1,NF40-1,1,NF
NF40-1s1,2,NF40-1,4,NF
NF40-1s1,3,NF40-1,1,NF
NF40-1s1,4,NF40-1,1,NF
NF40-1s1,5,NF40-1,1,NF
NF40-1s1,6,NF40-1,1,NF
NF40-1s1,7,NF40-1,1,NF
NF40-1s1,8,NF40-1,1,NF
NF40-1s1,9,NF40-1,1,NF
NF40-1s1,10,NF40-1,1,NF
NF40-1s1,11,NF40-1,4,NF
NF40-1s1,12,NF40-1,1,NF
NF40-1s1,13,NF40-1,2,NF
NF40-1s1,14,NF40-1,1,NF
NF40-1s1,15,NF40-1,1,NF
NF40-1s1,16,NF40-1,2,NF
NF40-1s1,17,NF40-1,1,NF
NF40-1s1,18,NF40-1,1,NF
NF40-1s1,19,NF40-1,1,NF
NF40-1s1,20,NF40-1,0,NF
NF40-1s1,21,NF40-1,1,NF
NF40-1s1,22,NF40-1,0,NF
NF40-1s3,1,NF40-1,3,NF
NF40-1s3,2,NF40-1,2,NF
NF40-1s3,3,NF40-1,1,NF
NF40-1s3,4,NF40-1,1,NF
NF40-1s3,5,NF40-1,1,NF
NF40-1s3,6,NF40-1,3,NF
NF40-1s3,7,NF40-1,3,NF
NF40-1s3,8,NF40-1,1,NF
NF40-1s3,9,NF40-1,0,NF
NF40-1s3,10,NF40-1,1,NF
NF40-1s3,11,NF40-1,2,NF
NF40-1s3,12,NF40-1,1,NF
NF40-1s3,13,NF40-1,2,NF
NF40-1s3,14,NF40-1,1,NF
NF40-1s3,15,NF40-1,0,NF
NF40-1s3,16,NF40-1,1,NF
NF40-1s3,17,NF40-1,0,NF
NF40-1s3,18,NF40-1,1,NF
NF40-1s3,19,NF40-1,2,NF
NF40-1s3,20,NF40-1,0,NF
NF40-1s3,21,NF40-1,0,NF
NF40-1s3,22,NF40-1,0,NF
NF40-1s4,1,NF40-1,2,NF
NF40-1s4,2,NF40-1,2,NF
NF40-1s4,3,NF40-1,1,NF
NF40-1s4,4,NF40-1,3,NF
NF40-1s4,5,NF40-1,0,NF
NF40-1s4,6,NF40-1,4,NF
NF40-1s4,7,NF40-1,1,NF
NF40-1s4,8,NF40-1,1,NF
NF40-1s4,9,NF40-1,1,NF
NF40-1s4,10,NF40-1,1,NF
NF40-1s4,11,NF40-1,1,NF
NF40-1s4,12,NF40-1,1,NF
NF40-1s4,13,NF40-1,0,NF
NF40-1s4,14,NF40-1,0,NF
NF40-1s4,15,NF40-1,2,NF
NF40-1s4,16,NF40-1,1,NF
NF40-1s4,17,NF40-1,1,NF
NF40-1s4,18,NF40-1,1,NF
NF40-1s4,19,NF40-1,0,NF
NF40-1s4,20,NF40-1,1,NF
NF40-1s4,21,NF40-1,0,NF
NF40-1s4,22,NF40-1,0,NF
NF40-1s5,1,NF40-1,1,NF
NF40-1s5,2,NF40-1,1,NF
NF40-1s5,3,NF40-1,1,NF
NF40-1s5,4,NF40-1,1,NF
NF40-1s5,5,NF40-1,1,NF
NF40-1s5,6,NF40-1,1,NF
NF40-1s5,7,NF40-1,1,NF
NF40-1s5,8,NF40-1,1,NF
NF40-1s5,9,NF40-1,1,NF
NF40-1s5,10,NF40-1,1,NF
NF40-1s5,11,NF40-1,0,NF
NF40-1s5,12,NF40-1,1,NF
NF40-1s5,13,NF40-1,1,NF
NF40-1s5,14,NF40-1,1,NF
NF40-1s5,15,NF40-1,0,NF
NF40-1s5,16,NF40-1,1,NF
NF40-1s5,17,NF40-1,0,NF
NF40-1s5,18,NF40-1,2,NF
NF40-1s5,19,NF40-1,1,NF
NF40-1s5,20,NF40-1,1,NF
NF40-1s5,21,NF40-1,0,NF
NF40-1s5,22,NF40-1,0,NF
NF24-2s1,1,NF24-2,2,NF
NF24-2s1,2,NF24-2,1,NF
NF24-2s1,3,NF24-2,1,NF
NF24-2s1,4,NF24-2,3,NF
NF24-2s1,5,NF24-2,2,NF
NF24-2s1,6,NF24-2,5,NF
NF24-2s1,7,NF24-2,1,NF
NF24-2s1,8,NF24-2,1,NF
NF24-2s1,9,NF24-2,0,NF
NF24-2s1,10,NF24-2,1,NF
NF24-2s1,11,NF24-2,1,NF
NF24-2s1,12,NF24-2,1,NF
NF24-2s1,13,NF24-2,2,NF
NF24-2s1,14,NF24-2,0,NF
NF24-2s1,15,NF24-2,1,NF
NF24-2s1,16,NF24-2,0,NF
NF24-2s1,17,NF24-2,1,NF
NF24-2s1,18,NF24-2,2,NF
NF24-2s1,19,NF24-2,0,NF
NF24-2s1,20,NF24-2,1,NF
NF24-2s1,21,NF24-2,0,NF
NF24-2s1,22,NF24-2,0,NF
NF24-2s2,1,NF24-2,2,NF
NF24-2s2,2,NF24-2,0,NF
NF24-2s2,3,NF24-2,1,NF
NF24-2s2,4,NF24-2,2,NF
NF24-2s2,5,NF24-2,1,NF
NF24-2s2,6,NF24-2,2,NF
NF24-2s2,7,NF24-2,0,NF
NF24-2s2,8,NF24-2,1,NF
NF24-2s2,9,NF24-2,0,NF
NF24-2s2,10,NF24-2,0,NF
NF24-2s2,11,NF24-2,0,NF
NF24-2s2,12,NF24-2,0,NF
NF24-2s2,13,NF24-2,0,NF
NF24-2s2,14,NF24-2,0,NF
NF24-2s2,15,NF24-2,0,NF
NF24-2s2,16,NF24-2,0,NF
NF24-2s2,17,NF24-2,0,NF
NF24-2s2,18,NF24-2,0,NF
NF24-2s2,19,NF24-2,0,NF
NF24-2s2,20,NF24-2,1,NF
NF24-2s2,21,NF24-2,0,NF
NF24-2s2,22,NF24-2,0,NF
NF24-2s3,1,NF24-2,1,NF
NF24-2s3,2,NF24-2,2,NF
NF24-2s3,3,NF24-2,4,NF
NF24-2s3,4,NF24-2,1,NF
NF24-2s3,5,NF24-2,1,NF
NF24-2s3,6,NF24-2,2,NF
NF24-2s3,7,NF24-2,1,NF
NF24-2s3,8,NF24-2,1,NF
NF24-2s3,9,NF24-2,3,NF
NF24-2s3,10,NF24-2,2,NF
NF24-2s3,11,NF24-2,1,NF
NF24-2s3,12,NF24-2,5,NF
NF24-2s3,13,NF24-2,2,NF
NF24-2s3,14,NF24-2,1,NF
NF24-2s3,15,NF24-2,2,NF
NF24-2s3,16,NF24-2,0,NF
NF24-2s3,17,NF24-2,0,NF
NF24-2s3,18,NF24-2,3,NF
NF24-2s3,19,NF24-2,0,NF
NF24-2s3,20,NF24-2,1,NF
NF24-2s3,21,NF24-2,1,NF
NF24-2s3,22,NF24-2,0,NF
NF24-2s4,1,NF24-2,2,NF
NF24-2s4,2,NF24-2,2,NF
NF24-2s4,3,NF24-2,2,NF
NF24-2s4,4,NF24-2,1,NF
NF24-2s4,5,NF24-2,2,NF
NF24-2s4,6,NF24-2,1,NF
NF24-2s4,7,NF24-2,2,NF
NF24-2s4,8,NF24-2,4,NF
NF24-2s4,9,NF24-2,0,NF
NF24-2s4,10,NF24-2,0,NF
NF24-2s4,11,NF24-2,1,NF
NF24-2s4,12,NF24-2,1,NF
NF24-2s4,13,NF24-2,2,NF
NF24-2s4,14,NF24-2,0,NF
NF24-2s4,15,NF24-2,0,NF
NF24-2s4,16,NF24-2,1,NF
NF24-2s4,17,NF24-2,1,NF
NF24-2s4,18,NF24-2,2,NF
NF24-2s4,19,NF24-2,0,NF
NF24-2s4,20,NF24-2,1,NF
NF24-2s4,21,NF24-2,0,NF
NF24-2s4,22,NF24-2,0,NF
NF25-1s2,1,NF25-1,2,NF
NF25-1s2,2,NF25-1,2,NF
NF25-1s2,3,NF25-1,2,NF
NF25-1s2,4,NF25-1,1,NF
NF25-1s2,5,NF25-1,1,NF
NF25-1s2,6,NF25-1,0,NF
NF25-1s2,7,NF25-1,1,NF
NF25-1s2,8,NF25-1,1,NF
NF25-1s2,9,NF25-1,2,NF
NF25-1s2,10,NF25-1,0,NF
NF25-1s2,11,NF25-1,1,NF
NF25-1s2,12,NF25-1,4,NF
NF25-1s2,13,NF25-1,0,NF
NF25-1s2,14,NF25-1,1,NF
NF25-1s2,15,NF25-1,0,NF
NF25-1s2,16,NF25-1,0,NF
NF25-1s2,17,NF25-1,0,NF
NF25-1s2,18,NF25-1,2,NF
NF25-1s2,19,NF25-1,1,NF
NF25-1s2,20,NF25-1,2,NF
NF25-1s2,21,NF25-1,0,NF
NF25-1s2,22,NF25-1,0,NF
NF25-1s4,1,NF25-1,2,NF
NF25-1s4,2,NF25-1,8,NF
NF25-1s4,3,NF25-1,7,NF
NF25-1s4,4,NF25-1,1,NF
NF25-1s4,5,NF25-1,3,NF
NF25-1s4,6,NF25-1,1,NF
NF25-1s4,7,NF25-1,3,NF
NF25-1s4,8,NF25-1,1,NF
NF25-1s4,9,NF25-1,2,NF
NF25-1s4,10,NF25-1,1,NF
NF25-1s4,11,NF25-1,2,NF
NF25-1s4,12,NF25-1,1,NF
NF25-1s4,13,NF25-1,2,NF
NF25-1s4,14,NF25-1,1,NF
NF25-1s4,15,NF25-1,2,NF
NF25-1s4,16,NF25-1,0,NF
NF25-1s4,17,NF25-1,2,NF
NF25-1s4,18,NF25-1,1,NF
NF25-1s4,19,NF25-1,0,NF
NF25-1s4,20,NF25-1,2,NF
NF25-1s4,21,NF25-1,0,NF
NF25-1s4,22,NF25-1,0,NF
NF25-1s5,1,NF25-1,1,NF
NF25-1s5,2,NF25-1,1,NF
NF25-1s5,3,NF25-1,1,NF
NF25-1s5,4,NF25-1,1,NF
NF25-1s5,5,NF25-1,1,NF
NF25-1s5,6,NF25-1,2,NF
NF25-1s5,7,NF25-1,2,NF
NF25-1s5,8,NF25-1,1,NF
NF25-1s5,9,NF25-1,1,NF
NF25-1s5,10,NF25-1,2,NF
NF25-1s5,11,NF25-1,2,NF
NF25-1s5,12,NF25-1,1,NF
NF25-1s5,13,NF25-1,0,NF
NF25-1s5,14,NF25-1,0,NF
NF25-1s5,15,NF25-1,1,NF
NF25-1s5,16,NF25-1,0,NF
NF25-1s5,17,NF25-1,0,NF
NF25-1s5,18,NF25-1,1,NF
NF25-1s5,19,NF25-1,1,NF
NF25-1s5,20,NF25-1,1,NF
NF25-1s5,21,NF25-1,0,NF
NF25-1s5,22,NF25-1,1,NF
NF31-1s2,1,NF31-1,1,NF
NF31-1s2,2,NF31-1,2,NF
NF31-1s2,3,NF31-1,2,NF
NF31-1s2,4,NF31-1,1,NF
NF31-1s2,5,NF31-1,1,NF
NF31-1s2,6,NF31-1,2,NF
NF31-1s2,7,NF31-1,3,NF
NF31-1s2,8,NF31-1,1,NF
NF31-1s2,9,NF31-1,1,NF
NF31-1s2,10,NF31-1,3,NF
NF31-1s2,11,NF31-1,1,NF
NF31-1s2,12,NF31-1,1,NF
NF31-1s2,13,NF31-1,2,NF
NF31-1s2,14,NF31-1,2,NF
NF31-1s2,15,NF31-1,1,NF
NF31-1s2,16,NF31-1,1,NF
NF31-1s2,17,NF31-1,0,NF
NF31-1s2,18,NF31-1,2,NF
NF31-1s2,19,NF31-1,1,NF
NF31-1s2,20,NF31-1,1,NF
NF31-1s2,21,NF31-1,1,NF
NF31-1s2,22,NF31-1,1,NF
NF31-1s4,1,NF31-1,2,NF
NF31-1s4,2,NF31-1,1,NF
NF31-1s4,3,NF31-1,1,NF
NF31-1s4,4,NF31-1,2,NF
NF31-1s4,5,NF31-1,1,NF
NF31-1s4,6,NF31-1,3,NF
NF31-1s4,7,NF31-1,1,NF
NF31-1s4,8,NF31-1,1,NF
NF31-1s4,9,NF31-1,1,NF
NF31-1s4,10,NF31-1,3,NF
NF31-1s4,11,NF31-1,1,NF
NF31-1s4,12,NF31-1,2,NF
NF31-1s4,13,NF31-1,3,NF
NF31-1s4,14,NF31-1,1,NF
NF31-1s4,15,NF31-1,2,NF
NF31-1s4,16,NF31-1,4,NF
NF31-1s4,17,NF31-1,0,NF
NF31-1s4,18,NF31-1,1,NF
NF31-1s4,19,NF31-1,1,NF
NF31-1s4,20,NF31-1,1,NF
NF31-1s4,21,NF31-1,1,NF
NF31-1s4,22,NF31-1,0,NF
NF31-1s5,1,NF31-1,5,NF
NF31-1s5,2,NF31-1,2,NF
NF31-1s5,3,NF31-1,2,NF
NF31-1s5,4,NF31-1,3,NF
NF31-1s5,5,NF31-1,1,NF
NF31-1s5,6,NF31-1,1,NF
NF31-1s5,7,NF31-1,1,NF
NF31-1s5,8,NF31-1,2,NF
NF31-1s5,9,NF31-1,2,NF
NF31-1s5,10,NF31-1,2,NF
NF31-1s5,11,NF31-1,1,NF
NF31-1s5,12,NF31-1,1,NF
NF31-1s5,13,NF31-1,1,NF
NF31-1s5,14,NF31-1,2,NF
NF31-1s5,15,NF31-1,2,NF
NF31-1s5,16,NF31-1,1,NF
NF31-1s5,17,NF31-1,0,NF
NF31-1s5,18,NF31-1,2,NF
NF31-1s5,19,NF31-1,1,NF
NF31-1s5,20,NF31-1,1,NF
NF31-1s5,21,NF31-1,1,NF
NF31-1s5,22,NF31-1,0,NF
NF32-1s1,1,NF32-1,1,NF
NF32-1s1,2,NF32-1,1,NF
NF32-1s1,3,NF32-1,1,NF
NF32-1s1,4,NF32-1,1,NF
NF32-1s1,5,NF32-1,1,NF
NF32-1s1,6,NF32-1,2,NF
NF32-1s1,7,NF32-1,5,NF
NF32-1s1,8,NF32-1,0,NF
NF32-1s1,9,NF32-1,1,NF
NF32-1s1,10,NF32-1,1,NF
NF32-1s1,11,NF32-1,0,NF
NF32-1s1,12,NF32-1,1,NF
NF32-1s1,13,NF32-1,0,NF
NF32-1s1,14,NF32-1,2,NF
NF32-1s1,15,NF32-1,1,NF
NF32-1s1,16,NF32-1,1,NF
NF32-1s1,17,NF32-1,0,NF
NF32-1s1,18,NF32-1,1,NF
NF32-1s1,19,NF32-1,0,NF
NF32-1s1,20,NF32-1,0,NF
NF32-1s1,21,NF32-1,0,NF
NF32-1s1,22,NF32-1,0,NF
NF32-1s2,1,NF32-1,1,NF
NF32-1s2,2,NF32-1,2,NF
NF32-1s2,3,NF32-1,2,NF
NF32-1s2,4,NF32-1,2,NF
NF32-1s2,5,NF32-1,0,NF
NF32-1s2,6,NF32-1,1,NF
NF32-1s2,7,NF32-1,2,NF
NF32-1s2,8,NF32-1,1,NF
NF32-1s2,9,NF32-1,1,NF
NF32-1s2,10,NF32-1,1,NF
NF32-1s2,11,NF32-1,1,NF
NF32-1s2,12,NF32-1,1,NF
NF32-1s2,13,NF32-1,1,NF
NF32-1s2,14,NF32-1,2,NF
NF32-1s2,15,NF32-1,0,NF
NF32-1s2,16,NF32-1,1,NF
NF32-1s2,17,NF32-1,1,NF
NF32-1s2,18,NF32-1,2,NF
NF32-1s2,19,NF32-1,1,NF
NF32-1s2,20,NF32-1,2,NF
NF32-1s2,21,NF32-1,1,NF
NF32-1s2,22,NF32-1,0,NF
NF32-1s3,1,NF32-1,1,NF
NF32-1s3,2,NF32-1,4,NF
NF32-1s3,3,NF32-1,2,NF
NF32-1s3,4,NF32-1,2,NF
NF32-1s3,5,NF32-1,1,NF
NF32-1s3,6,NF32-1,2,NF
NF32-1s3,7,NF32-1,1,NF
NF32-1s3,8,NF32-1,1,NF
NF32-1s3,9,NF32-1,1,NF
NF32-1s3,10,NF32-1,2,NF
NF32-1s3,11,NF32-1,1,NF
NF32-1s3,12,NF32-1,0,NF
NF32-1s3,13,NF32-1,0,NF
NF32-1s3,14,NF32-1,1,NF
NF32-1s3,15,NF32-1,2,NF
NF32-1s3,16,NF32-1,1,NF
NF32-1s3,17,NF32-1,3,NF
NF32-1s3,18,NF32-1,1,NF
NF32-1s3,19,NF32-1,0,NF
NF32-1s3,20,NF32-1,0,NF
NF32-1s3,21,NF32-1,0,NF
NF32-1s3,22,NF32-1,0,NF
NF32-1s4,1,NF32-1,4,NF
NF32-1s4,2,NF32-1,3,NF
NF32-1s4,3,NF32-1,1,NF
NF32-1s4,4,NF32-1,2,NF
NF32-1s4,5,NF32-1,1,NF
NF32-1s4,6,NF32-1,1,NF
NF32-1s4,7,NF32-1,0,NF
NF32-1s4,8,NF32-1,2,NF
NF32-1s4,9,NF32-1,1,NF
NF32-1s4,10,NF32-1,1,NF
NF32-1s4,11,NF32-1,1,NF
NF32-1s4,12,NF32-1,3,NF
NF32-1s4,13,NF32-1,1,NF
NF32-1s4,14,NF32-1,1,NF
NF32-1s4,15,NF32-1,1,NF
NF32-1s4,16,NF32-1,2,NF
NF32-1s4,17,NF32-1,1,NF
NF32-1s4,18,NF32-1,3,NF
NF32-1s4,19,NF32-1,0,NF
NF32-1s4,20,NF32-1,0,NF
NF32-1s4,21,NF32-1,0,NF
NF32-1s4,22,NF32-1,1,NF
NF32-1s5,1,NF32-1,4,NF
NF32-1s5,2,NF32-1,2,NF
NF32-1s5,3,NF32-1,2,NF
NF32-1s5,4,NF32-1,2,NF
NF32-1s5,5,NF32-1,2,NF
NF32-1s5,6,NF32-1,1,NF
NF32-1s5,7,NF32-1,1,NF
NF32-1s5,8,NF32-1,3,NF
NF32-1s5,9,NF32-1,2,NF
NF32-1s5,10,NF32-1,5,NF
NF32-1s5,11,NF32-1,2,NF
NF32-1s5,12,NF32-1,2,NF
NF32-1s5,13,NF32-1,1,NF
NF32-1s5,14,NF32-1,2,NF
NF32-1s5,15,NF32-1,1,NF
NF32-1s5,16,NF32-1,1,NF
NF32-1s5,17,NF32-1,3,NF
NF32-1s5,18,NF32-1,1,NF
NF32-1s5,19,NF32-1,1,NF
NF32-1s5,20,NF32-1,1,NF
NF32-1s5,21,NF32-1,1,NF
NF32-1s5,22,NF32-1,0,NF
NF33-1s1,1,NF33-1,1,NF
NF33-1s1,2,NF33-1,2,NF
NF33-1s1,3,NF33-1,4,NF
NF33-1s1,4,NF33-1,2,NF
NF33-1s1,5,NF33-1,1,NF
NF33-1s1,6,NF33-1,5,NF
NF33-1s1,7,NF33-1,1,NF
NF33-1s1,8,NF33-1,1,NF
NF33-1s1,9,NF33-1,2,NF
NF33-1s1,10,NF33-1,1,NF
NF33-1s1,11,NF33-1,1,NF
NF33-1s1,12,NF33-1,2,NF
NF33-1s1,13,NF33-1,2,NF
NF33-1s1,14,NF33-1,3,NF
NF33-1s1,15,NF33-1,2,NF
NF33-1s1,16,NF33-1,0,NF
NF33-1s1,17,NF33-1,0,NF
NF33-1s1,18,NF33-1,1,NF
NF33-1s1,19,NF33-1,1,NF
NF33-1s1,20,NF33-1,3,NF
NF33-1s1,21,NF33-1,0,NF
NF33-1s1,22,NF33-1,1,NF
NF33-1s4,1,NF33-1,1,NF
NF33-1s4,2,NF33-1,4,NF
NF33-1s4,3,NF33-1,3,NF
NF33-1s4,4,NF33-1,2,NF
NF33-1s4,5,NF33-1,2,NF
NF33-1s4,6,NF33-1,1,NF
NF33-1s4,7,NF33-1,1,NF
NF33-1s4,8,NF33-1,2,NF
NF33-1s4,9,NF33-1,1,NF
NF33-1s4,10,NF33-1,2,NF
NF33-1s4,11,NF33-1,3,NF
NF33-1s4,12,NF33-1,2,NF
NF33-1s4,13,NF33-1,2,NF
NF33-1s4,14,NF33-1,1,NF
NF33-1s4,15,NF33-1,1,NF
NF33-1s4,16,NF33-1,2,NF
NF33-1s4,17,NF33-1,1,NF
NF33-1s4,18,NF33-1,2,NF
NF33-1s4,19,NF33-1,0,NF
NF33-1s4,20,NF33-1,1,NF
NF33-1s4,21,NF33-1,0,NF
NF33-1s4,22,NF33-1,0,NF
NF33-1s5,1,NF33-1,1,NF
NF33-1s5,2,NF33-1,2,NF
NF33-1s5,3,NF33-1,1,NF
NF33-1s5,4,NF33-1,4,NF
NF33-1s5,5,NF33-1,2,NF
NF33-1s5,6,NF33-1,2,NF
NF33-1s5,7,NF33-1,1,NF
NF33-1s5,8,NF33-1,2,NF
NF33-1s5,9,NF33-1,1,NF
NF33-1s5,10,NF33-1,2,NF
NF33-1s5,11,NF33-1,2,NF
NF33-1s5,12,NF33-1,1,NF
NF33-1s5,13,NF33-1,1,NF
NF33-1s5,14,NF33-1,1,NF
NF33-1s5,15,NF33-1,1,NF
NF33-1s5,16,NF33-1,2,NF
NF33-1s5,17,NF33-1,0,NF
NF33-1s5,18,NF33-1,1,NF
NF33-1s5,19,NF33-1,1,NF
NF33-1s5,20,NF33-1,2,NF
NF33-1s5,21,NF33-1,0,NF
NF33-1s5,22,NF33-1,0,NF
NF38-1s1,1,NF38-1,1,NF
NF38-1s1,2,NF38-1,1,NF
NF38-1s1,3,NF38-1,2,NF
NF38-1s1,4,NF38-1,1,NF
NF38-1s1,5,NF38-1,1,NF
NF38-1s1,6,NF38-1,1,NF
NF38-1s1,7,NF38-1,2,NF
NF38-1s1,8,NF38-1,1,NF
NF38-1s1,9,NF38-1,1,NF
NF38-1s1,10,NF38-1,1,NF
NF38-1s1,11,NF38-1,1,NF
NF38-1s1,12,NF38-1,2,NF
NF38-1s1,13,NF38-1,1,NF
NF38-1s1,14,NF38-1,0,NF
NF38-1s1,15,NF38-1,1,NF
NF38-1s1,16,NF38-1,1,NF
NF38-1s1,17,NF38-1,0,NF
NF38-1s1,18,NF38-1,1,NF
NF38-1s1,19,NF38-1,0,NF
NF38-1s1,20,NF38-1,2,NF
NF38-1s1,21,NF38-1,0,NF
NF38-1s1,22,NF38-1,0,NF
NF38-1s2,1,NF38-1,1,NF
NF38-1s2,2,NF38-1,1,NF
NF38-1s2,3,NF38-1,2,NF
NF38-1s2,4,NF38-1,3,NF
NF38-1s2,5,NF38-1,1,NF
NF38-1s2,6,NF38-1,2,NF
NF38-1s2,7,NF38-1,3,NF
NF38-1s2,8,NF38-1,1,NF
NF38-1s2,9,NF38-1,4,NF
NF38-1s2,10,NF38-1,1,NF
NF38-1s2,11,NF38-1,2,NF
NF38-1s2,12,NF38-1,2,NF
NF38-1s2,13,NF38-1,1,NF
NF38-1s2,14,NF38-1,2,NF
NF38-1s2,15,NF38-1,3,NF
NF38-1s2,16,NF38-1,1,NF
NF38-1s2,17,NF38-1,1,NF
NF38-1s2,18,NF38-1,0,NF
NF38-1s2,19,NF38-1,0,NF
NF38-1s2,20,NF38-1,3,NF
NF38-1s2,21,NF38-1,2,NF
NF38-1s2,22,NF38-1,0,NF
NF38-1s4,1,NF38-1,1,NF
NF38-1s4,2,NF38-1,1,NF
NF38-1s4,3,NF38-1,4,NF
NF38-1s4,4,NF38-1,1,NF
NF38-1s4,5,NF38-1,1,NF
NF38-1s4,6,NF38-1,1,NF
NF38-1s4,7,NF38-1,1,NF
NF38-1s4,8,NF38-1,2,NF
NF38-1s4,9,NF38-1,1,NF
NF38-1s4,10,NF38-1,1,NF
NF38-1s4,11,NF38-1,1,NF
NF38-1s4,12,NF38-1,2,NF
NF38-1s4,13,NF38-1,3,NF
NF38-1s4,14,NF38-1,0,NF
NF38-1s4,15,NF38-1,3,NF
NF38-1s4,16,NF38-1,1,NF
NF38-1s4,17,NF38-1,0,NF
NF38-1s4,18,NF38-1,0,NF
NF38-1s4,19,NF38-1,0,NF
NF38-1s4,20,NF38-1,1,NF
NF38-1s4,21,NF38-1,0,NF
NF38-1s4,22,NF38-1,1,NF
NF43-1s2,1,NF43-1,1,NF
NF43-1s2,2,NF43-1,1,NF
NF43-1s2,3,NF43-1,2,NF
NF43-1s2,4,NF43-1,1,NF
NF43-1s2,5,NF43-1,1,NF
NF43-1s2,6,NF43-1,2,NF
NF43-1s2,7,NF43-1,1,NF
NF43-1s2,8,NF43-1,3,NF
NF43-1s2,9,NF43-1,1,NF
NF43-1s2,10,NF43-1,1,NF
NF43-1s2,11,NF43-1,0,NF
NF43-1s2,12,NF43-1,1,NF
NF43-1s2,13,NF43-1,2,NF
NF43-1s2,14,NF43-1,3,NF
NF43-1s2,15,NF43-1,2,NF
NF43-1s2,16,NF43-1,2,NF
NF43-1s2,17,NF43-1,1,NF
NF43-1s2,18,NF43-1,0,NF
NF43-1s2,19,NF43-1,0,NF
NF43-1s2,20,NF43-1,1,NF
NF43-1s2,21,NF43-1,1,NF
NF43-1s2,22,NF43-1,0,NF
NF43-1s3,1,NF43-1,2,NF
NF43-1s3,2,NF43-1,3,NF
NF43-1s3,3,NF43-1,3,NF
NF43-1s3,4,NF43-1,2,NF
NF43-1s3,5,NF43-1,1,NF
NF43-1s3,6,NF43-1,1,NF
NF43-1s3,7,NF43-1,1,NF
NF43-1s3,8,NF43-1,1,NF
NF43-1s3,9,NF43-1,4,NF
NF43-1s3,10,NF43-1,1,NF
NF43-1s3,11,NF43-1,1,NF
NF43-1s3,12,NF43-1,0,NF
NF43-1s3,13,NF43-1,1,NF
NF43-1s3,14,NF43-1,1,NF
NF43-1s3,15,NF43-1,1,NF
NF43-1s3,16,NF43-1,1,NF
NF43-1s3,17,NF43-1,1,NF
NF43-1s3,18,NF43-1,1,NF
NF43-1s3,19,NF43-1,1,NF
NF43-1s3,20,NF43-1,1,NF
NF43-1s3,21,NF43-1,1,NF
NF43-1s3,22,NF43-1,1,NF
NF43-1s4,1,NF43-1,2,NF
NF43-1s4,2,NF43-1,3,NF
NF43-1s4,3,NF43-1,2,NF
NF43-1s4,4,NF43-1,2,NF
NF43-1s4,5,NF43-1,1,NF
NF43-1s4,6,NF43-1,1,NF
NF43-1s4,7,NF43-1,1,NF
NF43-1s4,8,NF43-1,1,NF
NF43-1s4,9,NF43-1,1,NF
NF43-1s4,10,NF43-1,2,NF
NF43-1s4,11,NF43-1,1,NF
NF43-1s4,12,NF43-1,1,NF
NF43-1s4,13,NF43-1,1,NF
NF43-1s4,14,NF43-1,1,NF
NF43-1s4,15,NF43-1,1,NF
NF43-1s4,16,NF43-1,1,NF
NF43-1s4,17,NF43-1,1,NF
NF43-1s4,18,NF43-1,2,NF
NF43-1s4,19,NF43-1,2,NF
NF43-1s4,20,NF43-1,1,NF
NF43-1s4,21,NF43-1,1,NF
NF43-1s4,22,NF43-1,1,NF
NF43-1s5,1,NF43-1,2,NF
NF43-1s5,2,NF43-1,1,NF
NF43-1s5,3,NF43-1,4,NF
NF43-1s5,4,NF43-1,3,NF
NF43-1s5,5,NF43-1,1,NF
NF43-1s5,6,NF43-1,1,NF
NF43-1s5,7,NF43-1,2,NF
NF43-1s5,8,NF43-1,1,NF
NF43-1s5,9,NF43-1,2,NF
NF43-1s5,10,NF43-1,3,NF
NF43-1s5,11,NF43-1,1,NF
NF43-1s5,12,NF43-1,1,NF
NF43-1s5,13,NF43-1,1,NF
NF43-1s5,14,NF43-1,1,NF
NF43-1s5,15,NF43-1,1,NF
NF43-1s5,16,NF43-1,1,NF
NF43-1s5,17,NF43-1,1,NF
NF43-1s5,18,NF43-1,0,NF
NF43-1s5,19,NF43-1,2,NF
NF43-1s5,20,NF43-1,3,NF
NF43-1s5,21,NF43-1,1,NF
NF43-1s5,22,NF43-1,0,NF
NF49-1s1,1,NF49-1,1,NF
NF49-1s1,2,NF49-1,3,NF
NF49-1s1,3,NF49-1,1,NF
NF49-1s1,4,NF49-1,2,NF
NF49-1s1,5,NF49-1,2,NF
NF49-1s1,6,NF49-1,1,NF
NF49-1s1,7,NF49-1,2,NF
NF49-1s1,8,NF49-1,2,NF
NF49-1s1,9,NF49-1,1,NF
NF49-1s1,10,NF49-1,1,NF
NF49-1s1,11,NF49-1,1,NF
NF49-1s1,12,NF49-1,1,NF
NF49-1s1,13,NF49-1,1,NF
NF49-1s1,14,NF49-1,1,NF
NF49-1s1,15,NF49-1,0,NF
NF49-1s1,16,NF49-1,1,NF
NF49-1s1,17,NF49-1,1,NF
NF49-1s1,18,NF49-1,0,NF
NF49-1s1,19,NF49-1,0,NF
NF49-1s1,20,NF49-1,0,NF
NF49-1s1,21,NF49-1,0,NF
NF49-1s1,22,NF49-1,0,NF
NF49-1s2,1,NF49-1,3,NF
NF49-1s2,2,NF49-1,1,NF
NF49-1s2,3,NF49-1,1,NF
NF49-1s2,4,NF49-1,1,NF
NF49-1s2,5,NF49-1,3,NF
NF49-1s2,6,NF49-1,2,NF
NF49-1s2,7,NF49-1,3,NF
NF49-1s2,8,NF49-1,0,NF
NF49-1s2,9,NF49-1,1,NF
NF49-1s2,10,NF49-1,1,NF
NF49-1s2,11,NF49-1,1,NF
NF49-1s2,12,NF49-1,1,NF
NF49-1s2,13,NF49-1,1,NF
NF49-1s2,14,NF49-1,2,NF
NF49-1s2,15,NF49-1,1,NF
NF49-1s2,16,NF49-1,1,NF
NF49-1s2,17,NF49-1,0,NF
NF49-1s2,18,NF49-1,1,NF
NF49-1s2,19,NF49-1,0,NF
NF49-1s2,20,NF49-1,1,NF
NF49-1s2,21,NF49-1,0,NF
NF49-1s2,22,NF49-1,0,NF
NF49-1s3,1,NF49-1,1,NF
NF49-1s3,2,NF49-1,1,NF
NF49-1s3,3,NF49-1,1,NF
NF49-1s3,4,NF49-1,2,NF
NF49-1s3,5,NF49-1,1,NF
NF49-1s3,6,NF49-1,2,NF
NF49-1s3,7,NF49-1,1,NF
NF49-1s3,8,NF49-1,2,NF
NF49-1s3,9,NF49-1,1,NF
NF49-1s3,10,NF49-1,0,NF
NF49-1s3,11,NF49-1,1,NF
NF49-1s3,12,NF49-1,1,NF
NF49-1s3,13,NF49-1,1,NF
NF49-1s3,14,NF49-1,1,NF
NF49-1s3,15,NF49-1,1,NF
NF49-1s3,16,NF49-1,1,NF
NF49-1s3,17,NF49-1,0,NF
NF49-1s3,18,NF49-1,2,NF
NF49-1s3,19,NF49-1,0,NF
NF49-1s3,20,NF49-1,0,NF
NF49-1s3,21,NF49-1,0,NF
NF49-1s3,22,NF49-1,0,NF
NF49-1s4,1,NF49-1,1,NF
NF49-1s4,2,NF49-1,1,NF
NF49-1s4,3,NF49-1,1,NF
NF49-1s4,4,NF49-1,1,NF
NF49-1s4,5,NF49-1,2,NF
NF49-1s4,6,NF49-1,0,NF
NF49-1s4,7,NF49-1,2,NF
NF49-1s4,8,NF49-1,2,NF
NF49-1s4,9,NF49-1,0,NF
NF49-1s4,10,NF49-1,1,NF
NF49-1s4,11,NF49-1,1,NF
NF49-1s4,12,NF49-1,1,NF
NF49-1s4,13,NF49-1,0,NF
NF49-1s4,14,NF49-1,1,NF
NF49-1s4,15,NF49-1,2,NF
NF49-1s4,16,NF49-1,0,NF
NF49-1s4,17,NF49-1,0,NF
NF49-1s4,18,NF49-1,2,NF
NF49-1s4,19,NF49-1,0,NF
NF49-1s4,20,NF49-1,0,NF
NF49-1s4,21,NF49-1,1,NF
NF49-1s4,22,NF49-1,0,NF
